customerid,recency_days,frequency,monetary,unique_products,lifespan_days,churn
12346,226,1,77183.60,1,0,1
12347,30,5,2790.86,82,238,0
12348,149,3,1487.24,22,110,0
12350,211,1,334.40,17,0,1
12352,163,5,1561.81,26,34,0
12353,105,1,89.00,4,0,1
12354,133,1,1079.40,58,0,1
12355,115,1,459.40,13,0,1
12356,146,2,2753.08,53,80,0
12358,51,1,484.86,12,0,1
12359,90,3,3495.73,135,142,0
12360,13,2,1618.28,63,88,0
12361,188,1,189.90,10,0,1
12362,21,4,1747.35,89,175,0
12363,10,2,552.00,23,133,1
12364,13,1,623.92,34,0,0
12365,192,2,641.38,22,0,1
12370,175,3,2802.66,125,86,0
12372,113,2,914.92,32,84,0
12373,212,1,364.60,14,0,1
12377,216,2,1628.12,72,39,1
12378,30,1,4008.62,219,0,1
12379,71,1,459.84,20,0,0
12380,86,1,607.55,36,0,0
12381,20,1,1268.74,62,0,0
12383,85,5,1850.56,84,168,1
12384,22,1,292.69,14,0,0
12386,238,2,401.90,10,29,1
12388,49,4,1668.34,50,178,0
12393,146,3,1061.10,33,87,0
12394,118,1,381.08,21,0,0
12395,13,8,1899.57,65,259,0
12397,36,1,1214.81,70,0,0
12399,20,4,1108.65,47,142,1
12401,204,1,84.30,5,0,1
12402,224,1,225.60,11,0,1
12405,49,1,1710.39,54,0,1
12406,84,1,1621.25,48,0,0
12407,35,4,1407.36,50,130,0
12408,76,3,1491.77,58,85,0
12409,83,1,6207.08,64,0,0
12410,209,2,693.33,26,0,1
12412,38,2,890.74,34,32,0
12413,137,2,563.90,25,101,0
12414,118,3,562.41,16,93,1
12415,14,13,99146.16,377,224,0
12417,7,7,2816.52,132,251,0
12418,13,1,668.58,34,0,1
12421,15,3,628.56,25,205,0
12422,69,2,655.86,31,156,0
12423,1,7,1650.67,86,253,1
12424,63,2,1760.96,30,0,1
12426,95,1,582.73,30,0,1
12427,272,1,303.50,10,0,0
12428,21,8,7548.12,252,163,0
12429,73,3,2844.88,62,193,1
12431,20,11,4807.07,134,254,0
12432,71,3,4016.66,75,2,0
12433,267,2,3787.12,79,7,0
12434,161,1,286.25,16,0,0
12435,168,1,3978.99,19,0,0
12437,78,9,2476.73,58,154,0
12438,41,1,890.07,49,0,0
12441,267,1,173.55,11,0,1
12444,22,2,2627.27,96,50,0
12447,144,1,476.49,26,0,1
12449,30,2,1636.88,71,58,0
12450,57,2,197.88,7,17,1
12451,119,2,5307.82,162,106,0
12453,35,1,707.09,43,0,1
12455,28,5,2176.36,67,169,0
12456,32,2,2265.40,77,123,0
12457,134,3,1067.25,23,6,0
12458,185,1,441.92,19,0,0
12461,55,1,626.88,34,0,0
12462,204,1,762.11,40,0,0
12463,76,3,985.79,51,66,0
12464,7,6,780.55,6,203,0
12465,70,1,440.94,26,0,0
12468,88,2,729.54,36,129,1
12471,8,19,11081.00,108,257,0
12472,39,5,4927.60,180,231,0
12473,15,2,1175.75,60,77,0
12474,38,12,3896.38,144,192,0
12476,42,6,3191.67,91,220,0
12477,1,3,8834.03,156,201,0
12480,44,3,2144.95,97,193,0
12481,80,8,4085.26,112,186,0
12483,84,5,1314.61,31,156,0
12484,1,4,3658.65,222,236,0
12489,237,1,334.93,15,0,1
12490,1,5,2516.77,74,229,0
12492,6,1,126.39,9,0,0
12493,66,2,433.74,20,32,1
12494,62,5,868.86,42,204,0
12500,7,6,1773.84,20,227,0
12501,237,1,2169.39,149,0,1
12502,28,4,2631.52,81,182,0
12506,133,1,73.50,23,0,1
12507,35,3,1304.81,19,164,1
12509,185,1,176.50,7,0,1
12510,43,2,982.57,29,183,1
12513,13,1,612.29,35,0,1
12514,168,1,1017.68,51,0,1
12515,254,1,383.70,16,0,1
12516,81,1,583.20,13,0,0
12517,27,2,1521.45,173,64,0
12518,11,1,324.83,18,0,0
12520,43,4,2045.85,104,131,0
12521,43,1,599.68,38,0,1
12523,8,7,1017.75,49,224,0
12524,63,6,3122.48,92,171,0
12527,195,2,284.92,15,31,0
12528,15,4,1287.37,46,198,0
12530,24,3,1221.65,39,213,0
12534,31,1,1089.18,63,0,1
12535,87,1,371.45,18,0,0
12539,163,3,4517.69,125,71,0
12540,8,10,8786.87,197,254,0
12541,74,2,536.14,27,107,0
12545,160,1,628.15,34,0,0
12547,98,2,207.80,7,83,1
12548,67,1,95.20,5,0,1
12551,258,1,168.00,10,0,1
12553,11,7,2419.59,81,219,0
12556,52,1,308.75,60,0,0
12557,59,4,9000.96,15,213,0
12559,211,2,561.71,21,9,1
12560,13,2,1436.31,77,31,1
12561,203,1,238.85,16,0,1
12562,27,3,1605.23,53,72,0
12564,162,1,456.90,21,0,1
12565,189,1,145.92,9,0,1
12567,9,8,6958.16,236,261,0
12569,8,12,1883.02,45,145,0
12571,22,1,248.35,14,0,0
12573,128,1,160.54,26,0,1
12574,216,1,218.45,11,0,1
12576,50,3,660.85,42,155,0
12577,260,1,195.89,67,0,0
12578,231,1,1608.66,70,0,0
12580,147,1,415.70,24,0,1
12582,139,2,511.36,21,50,1
12583,7,9,4232.21,84,267,0
12584,28,4,782.59,27,153,0
12585,135,2,2040.10,77,117,1
12589,45,1,131.50,10,0,0
12590,112,2,9864.26,68,0,1
12591,218,1,452.85,26,0,1
12592,114,1,231.80,9,0,0
12593,9,3,418.10,14,110,1
12594,22,8,2529.90,46,201,0
12596,143,1,269.95,15,0,0
12597,84,2,1428.81,72,85,0
12598,62,4,1584.38,45,123,0
12599,27,6,857.04,25,178,0
12600,13,8,1936.56,26,259,0
12601,90,5,577.06,21,143,1
12604,162,1,178.50,10,0,0
12609,87,2,800.73,42,132,0
12610,7,2,1256.25,68,20,0
12613,98,4,1462.52,65,65,0
12614,178,1,315.60,20,0,1
12615,69,1,634.74,31,0,0
12616,198,1,255.60,11,0,0
12619,17,5,2087.46,28,137,0
12620,105,1,561.66,33,0,0
12621,1,15,10195.04,208,265,0
12622,133,1,180.10,11,0,1
12623,177,1,305.10,18,0,1
12624,7,2,641.13,36,71,1
12625,112,2,2683.82,73,108,1
12626,13,6,4774.00,170,214,0
12627,9,4,1908.57,92,32,0
12633,30,3,1948.75,66,158,0
12635,55,1,683.64,40,0,0
12637,58,5,3049.50,138,166,0
12639,139,1,486.10,22,0,1
12641,16,1,185.90,10,0,1
12642,8,1,366.45,24,0,0
12643,29,6,3344.64,11,204,1
12644,30,1,477.91,31,0,1
12645,10,3,1310.86,52,207,0
12647,27,9,2886.71,63,243,0
12648,55,1,318.05,21,0,1
12649,8,3,623.51,28,105,1
12651,235,1,114.00,9,0,1
12652,232,1,919.98,48,0,1
12653,49,2,2209.85,37,148,1
12654,98,3,337.75,19,98,0
12656,17,3,2820.67,51,117,0
12662,8,7,2653.66,96,266,0
12664,44,3,1957.48,10,179,0
12665,225,1,63.00,3,0,1
12668,160,3,2924.47,104,96,0
12669,51,3,2744.03,98,106,1
12670,100,2,1026.39,28,33,0
12672,230,1,225.90,10,0,1
12673,227,1,220.90,23,0,1
12674,71,2,976.80,30,37,0
12676,24,4,998.05,21,188,0
12678,1,9,8282.26,78,253,0
12679,106,2,906.38,43,78,0
12680,14,1,311.78,20,0,0
12681,52,15,9866.58,219,216,0
12682,1,20,8219.92,149,271,0
12683,6,11,6217.88,151,260,0
12684,71,4,1379.48,37,43,0
12686,272,1,89.14,7,0,1
12688,14,1,4873.81,171,0,1
12689,28,1,511.03,34,0,0
12690,106,1,389.01,16,0,1
12691,46,4,556.30,16,212,0
12693,28,4,855.91,35,192,1
12694,84,1,439.50,20,0,0
12695,8,2,333.90,17,103,0
12697,32,2,733.91,27,38,0
12700,57,2,2149.05,110,59,0
12701,143,1,337.08,21,0,0
12704,6,3,1100.92,40,64,0
12705,59,4,4162.52,177,199,0
12707,192,1,603.42,33,0,1
12708,2,7,2031.77,71,267,0
12709,36,10,6439.11,75,231,0
12710,62,2,790.36,47,40,0
12712,7,11,3913.08,54,265,0
12714,7,4,3389.70,167,188,1
12715,7,1,343.36,20,0,1
12716,34,1,677.90,45,0,1
12717,52,2,1030.98,49,94,1
12720,25,15,3314.50,159,245,0
12721,84,4,1698.91,88,171,0
12722,15,3,929.65,48,36,0
12724,74,2,280.36,15,159,0
12725,272,1,427.80,24,0,1
12726,85,5,1467.32,40,173,0
12727,88,5,2800.40,90,133,0
12728,158,3,617.31,29,75,0
12729,14,1,453.01,26,0,1
12731,45,8,11324.25,84,220,0
12732,80,1,236.26,12,0,1
12733,135,1,383.95,22,0,1
12734,253,1,110.40,4,0,1
12735,216,2,779.57,38,22,1
12736,233,1,234.00,4,0,1
12738,273,1,155.35,11,0,1
12743,35,2,540.13,114,0,1
12744,45,5,14211.97,163,174,0
12747,10,8,2769.40,34,260,0
12748,2,127,13339.05,1139,272,0
12749,31,3,2755.23,113,83,0
12750,29,1,275.88,15,0,1
12753,36,5,16620.91,114,227,0
12754,136,3,3010.74,49,73,1
12755,181,2,3811.95,4,85,1
12757,43,7,5281.08,89,69,0
12758,17,2,2791.59,84,160,1
12759,72,2,1082.52,60,104,0
12763,39,2,494.08,16,231,1
12764,217,1,1693.88,45,0,1
12766,50,5,4952.19,161,217,0
12769,139,1,1143.60,32,0,1
12770,111,1,1351.45,12,0,1
12775,90,4,1164.68,36,122,0
12778,84,4,492.06,25,129,0
12779,90,7,2999.41,68,182,0
12781,185,1,549.26,15,0,0
12782,50,4,2078.67,73,208,1
12785,265,1,311.95,14,0,1
12787,93,1,158.10,8,0,0
12790,93,1,324.92,21,0,1
12791,274,1,192.60,2,0,1
12792,157,1,400.54,25,0,1
12793,235,2,545.48,21,37,1
12797,266,1,254.03,13,0,1
12798,71,1,1607.04,6,0,0
12802,87,1,427.58,25,0,1
12808,85,2,281.35,16,184,0
12809,78,1,489.31,25,0,1
12811,161,3,514.85,27,24,1
12814,2,1,125.92,2,0,1
12815,48,2,1063.46,38,51,1
12816,77,1,318.65,15,0,0
12817,182,1,166.04,4,0,1
12818,162,1,1542.08,14,0,1
12820,227,1,170.46,11,0,0
12821,115,1,92.72,6,0,1
12823,28,4,1224.00,1,169,0
12826,79,4,818.62,50,187,0
12828,13,2,338.20,19,18,0
12829,237,2,293.00,9,24,1
12830,35,4,5204.00,13,37,0
12831,163,1,215.05,9,0,1
12833,46,1,417.38,24,0,1
12834,183,1,312.38,18,0,1
12836,38,3,2112.53,110,174,0
12837,74,1,134.10,12,0,1
12838,274,1,390.79,59,0,0
12839,14,8,2683.81,66,254,0
12840,44,4,2726.77,67,83,1
12841,7,17,2829.91,167,265,0
12842,209,1,310.73,14,0,0
12843,60,7,1692.31,68,105,0
12844,31,1,174.88,27,0,0
12845,168,4,354.09,26,23,1
12849,169,1,668.85,33,0,0
12852,195,1,311.55,17,0,1
12853,35,6,1957.10,66,181,1
12854,142,2,810.37,71,77,0
12855,273,1,38.10,3,0,1
12857,111,2,1106.40,37,92,1
12864,39,1,147.12,3,0,1
12865,24,1,981.38,58,0,0
12866,184,1,559.12,26,0,1
12867,66,5,2343.30,186,195,0
12868,86,6,1607.06,72,188,1
12871,108,1,132.00,4,0,0
12872,227,2,599.97,58,39,1
12873,183,1,374.00,4,0,1
12875,44,2,343.23,1,219,1
12876,97,1,726.43,34,0,0
12877,25,9,1059.23,41,234,0
12878,137,2,854.99,38,30,1
12881,176,1,298.00,7,0,1
12885,24,1,645.35,39,0,0
12886,120,1,775.00,47,0,0
12888,115,2,354.12,4,41,1
12891,86,3,331.00,2,107,1
12897,105,2,216.50,3,97,1
12901,9,19,11639.47,29,162,0
12902,165,1,138.68,10,0,1
12904,73,1,244.69,32,0,0
12908,77,2,750.00,1,136,1
12909,102,3,1528.37,55,52,0
12910,35,4,1486.90,26,107,0
12913,183,3,866.39,12,86,0
12915,49,2,363.65,19,224,1
12916,39,4,2944.95,53,182,1
12917,29,1,594.00,2,0,1
12919,17,3,441.65,12,53,0
12921,31,22,8924.55,168,243,0
12922,62,1,405.38,28,0,1
12924,99,3,655.27,10,129,0
12928,48,3,1136.14,42,212,0
12929,212,1,117.85,8,0,1
12930,72,1,221.56,14,0,0
12931,2,11,32530.70,27,256,0
12933,72,2,357.49,48,112,0
12935,10,4,1535.34,58,210,0
12937,98,2,428.23,27,70,0
12939,39,4,7990.08,20,196,0
12942,32,3,675.60,68,234,1
12944,255,1,286.95,14,0,0
12945,189,1,462.95,23,0,1
12947,44,6,1603.99,83,230,1
12948,6,4,1423.96,64,159,0
12949,15,7,3449.42,144,138,0
12951,74,5,751.78,39,157,1
12955,44,5,1346.92,42,124,0
12956,207,1,108.07,19,0,1
12957,87,4,1715.29,97,153,0
12962,14,1,170.54,11,0,1
12963,266,1,365.80,16,0,0
12967,259,2,1660.90,19,13,1
12968,13,1,135.95,5,0,1
12970,223,2,23.80,8,0,1
12971,8,61,7854.76,80,265,0
12974,98,1,144.80,8,0,1
12976,112,1,738.60,22,0,1
12977,57,1,39.24,9,0,1
12980,58,9,7374.90,6,201,1
12981,34,1,187.18,11,0,0
12982,143,1,390.54,28,0,1
12987,98,1,304.30,14,0,0
12988,193,1,505.82,75,0,1
12989,58,8,4469.14,14,207,0
12990,86,2,263.90,5,125,0
12991,13,1,303.56,22,0,0
12993,21,3,372.40,23,178,0
12994,21,2,645.47,38,148,1
12997,137,2,608.47,30,81,0
12999,97,3,455.88,25,49,1
13000,7,3,534.85,30,258,1
13001,59,11,8582.57,154,168,0
13002,219,1,120.95,7,0,1
13003,6,3,149.05,4,109,1
13004,15,12,3785.09,193,243,0
13005,74,2,513.70,21,73,1
13008,224,1,229.47,14,0,1
13011,273,1,50.55,3,0,1
13012,49,4,1012.31,42,146,0
13013,8,8,3382.79,130,264,0
13014,14,5,2022.48,53,168,0
13015,98,4,1763.04,80,52,0
13016,24,1,425.25,28,0,0
13018,23,17,4788.85,227,173,0
13021,67,4,1152.47,48,192,0
13023,30,1,336.40,20,0,0
13026,121,2,243.72,5,55,0
13027,14,6,6912.00,6,241,1
13029,39,2,773.20,6,215,0
13030,269,1,402.36,50,0,0
13033,258,1,190.55,11,0,1
13034,270,1,165.86,11,0,0
13035,161,1,333.00,12,0,0
13037,39,3,881.07,44,118,1
13038,84,2,591.76,22,107,0
13043,174,1,516.42,13,0,1
13044,192,1,560.47,33,0,1
13046,167,1,197.72,14,0,0
13047,28,8,2682.01,84,246,0
13048,14,3,1358.55,69,214,0
13049,219,1,153.78,7,0,0
13050,7,13,4509.74,211,260,0
13052,113,1,348.15,18,0,1
13055,114,1,344.86,22,0,0
13058,52,1,47.55,3,0,0
13059,150,1,183.40,8,0,1
13060,154,1,307.53,15,0,1
13062,92,1,346.98,11,0,1
13064,53,2,659.25,31,175,0
13065,274,1,205.86,14,0,1
13068,220,1,165.00,1,0,0
13069,20,19,3393.26,228,250,0
13070,93,1,228.80,9,0,1
13072,167,1,177.15,7,0,1
13075,30,1,919.61,22,0,1
13077,191,3,576.19,61,76,1
13078,7,15,6917.15,81,260,0
13079,41,1,23.80,1,0,0
13080,80,1,58.08,6,0,1
13081,44,8,18870.12,424,228,0
13082,27,9,3613.63,63,212,1
13085,58,2,416.08,17,138,1
13089,1,69,38946.90,512,269,0
13090,37,9,4912.02,56,236,0
13092,112,4,439.75,15,148,0
13093,176,8,7832.47,97,98,1
13094,30,10,1545.72,4,239,0
13097,23,8,4636.51,181,238,0
13098,14,17,14468.08,110,204,0
13101,135,1,101.19,8,0,1
13102,34,19,4961.70,112,232,0
13104,34,3,376.44,3,221,0
13106,34,1,76.50,1,0,1
13107,76,2,935.22,36,158,0
13108,273,1,350.06,10,0,1
13109,58,1,369.85,24,0,0
13110,38,5,1042.24,79,174,0
13113,14,20,10787.06,93,253,0
13115,85,1,878.55,55,0,0
13116,39,1,501.14,30,0,1
13117,22,7,841.77,57,251,0
13118,109,3,799.70,40,80,0
13120,139,1,30.60,1,0,1
13121,170,1,283.73,50,0,1
13122,141,1,903.67,54,0,0
13124,153,2,2516.47,131,107,0
13126,154,5,1077.42,61,113,0
13131,88,1,324.90,14,0,0
13132,162,1,77.30,3,0,1
13133,174,2,109.80,7,31,1
13134,84,3,885.74,42,57,0
13135,97,1,3096.00,1,0,1
13136,43,3,1226.68,55,70,0
13137,4,4,1428.76,211,205,0
13138,34,3,489.45,22,239,0
13139,10,3,1710.94,39,150,0
13140,9,3,422.47,40,258,1
13141,115,4,1401.03,77,101,0
13144,233,1,110.95,3,0,1
13145,28,2,413.80,2,245,0
13148,34,10,2766.01,173,231,0
13149,7,3,1132.62,58,183,0
13151,196,1,1257.87,73,0,1
13155,227,2,569.20,55,42,0
13157,42,3,873.20,32,157,0
13158,20,3,868.17,47,199,0
13159,7,2,843.09,75,9,0
13161,214,1,112.75,8,0,1
13162,23,4,1688.29,74,212,1
13165,252,1,354.64,13,0,0
13166,184,1,417.20,39,0,1
13167,31,2,417.55,33,13,0
13168,100,3,953.06,94,119,0
13169,153,1,505.20,6,0,0
13171,200,1,140.35,23,0,0
13173,268,1,165.94,23,0,1
13174,217,2,2034.06,178,53,0
13178,34,8,4391.73,81,227,0
13183,2,6,2394.98,50,233,0
13184,31,9,1472.10,122,160,0
13185,168,1,71.40,1,0,1
13186,29,1,988.34,51,0,0
13187,238,1,236.02,37,0,1
13189,16,1,127.00,18,0,0
13192,106,1,464.32,33,0,0
13194,36,1,60.70,3,0,1
13196,163,1,512.13,34,0,0
13198,21,5,3009.18,182,241,0
13199,4,21,4553.84,29,263,0
13200,27,1,319.32,14,0,0
13203,21,2,309.86,20,122,0
13207,51,1,197.52,5,0,0
13208,56,4,828.82,97,154,0
13209,29,5,4156.08,200,233,0
13211,262,1,110.70,2,0,0
13213,29,4,963.88,44,71,0
13216,168,1,333.74,5,0,1
13217,23,3,533.98,3,34,1
13218,28,1,62.64,5,0,1
13220,86,3,726.49,15,51,0
13221,141,2,847.41,62,119,1
13223,101,2,163.20,5,32,1
13224,52,1,1212.26,42,0,0
13225,44,5,4299.56,15,218,0
13226,174,1,108.21,16,0,1
13227,102,1,257.70,9,0,1
13229,126,1,160.95,10,0,1
13230,39,12,2195.23,302,227,0
13232,81,4,861.45,105,63,0
13233,237,1,304.24,17,0,0
13235,113,1,1031.07,53,0,1
13236,7,1,439.23,21,0,0
13238,64,2,318.85,14,197,0
13239,162,1,329.56,21,0,1
13240,74,3,553.61,47,192,0
13242,13,3,270.40,12,101,1
13243,104,1,585.12,56,0,1
13246,77,5,1838.51,89,154,0
13248,25,2,465.68,25,65,1
13249,162,1,291.84,2,0,0
13253,57,2,1030.40,35,183,1
13255,274,1,225.70,6,0,1
13258,106,1,198.87,12,0,0
13261,169,2,944.10,8,17,1
13262,164,1,200.29,11,0,1
13263,9,23,4854.79,358,217,0
13265,84,3,1450.66,44,90,0
13266,13,8,2535.58,54,144,0
13267,11,14,2800.94,64,256,0
13268,70,6,2117.81,206,98,0
13269,10,8,2978.50,133,260,0
13270,267,1,590.00,1,0,1
13273,14,1,138.98,16,0,1
13277,17,2,125.90,4,17,0
13280,23,3,798.46,67,215,1
13282,63,2,773.10,15,58,0
13283,86,1,25.50,2,0,0
13284,231,1,201.19,13,0,1
13285,62,3,1970.10,122,129,0
13291,56,1,361.11,41,0,1
13292,185,1,249.57,14,0,0
13294,90,2,873.74,48,60,1
13295,260,1,201.20,10,0,1
13296,38,1,87.40,5,0,1
13299,169,1,142.50,5,0,1
13300,70,1,371.89,20,0,1
13301,4,4,618.09,75,189,1
13302,56,1,63.75,1,0,1
13304,252,1,300.42,21,0,1
13305,16,6,1085.75,27,257,0
13307,21,1,15.00,1,0,1
13308,104,1,814.95,26,0,0
13309,107,2,546.64,43,102,0
13310,107,2,817.65,50,118,0
13311,51,1,490.11,24,0,1
13313,42,3,918.34,32,198,0
13316,32,2,3535.18,40,123,0
13317,99,5,1313.98,56,160,0
13319,14,18,6897.07,158,252,0
13320,7,3,981.15,59,107,0
13324,104,7,3798.99,17,157,0
13327,13,7,2738.75,60,253,0
13328,217,1,1308.48,17,0,1
13329,267,1,304.20,7,0,0
13330,86,2,728.22,22,130,0
13334,91,2,2708.59,176,115,0
13338,58,1,487.02,19,0,1
13339,101,1,860.12,54,0,1
13340,6,5,9229.54,111,171,0
13341,161,1,775.85,42,0,1
13343,78,1,353.43,19,0,1
13344,178,1,1656.15,68,0,0
13345,188,1,389.50,20,0,1
13355,23,1,674.70,32,0,1
13357,158,1,609.40,85,0,1
13358,169,1,439.03,29,0,1
13362,146,2,1581.53,92,42,0
13365,118,1,700.60,39,0,0
13368,157,2,623.40,29,81,1
13369,266,1,308.28,14,0,1
13370,272,1,754.87,39,0,1
13373,59,2,2055.58,95,118,0
13376,104,2,770.00,34,31,0
13379,37,1,136.29,13,0,0
13381,14,4,2461.33,63,185,0
13382,181,1,222.99,15,0,1
13384,29,2,1755.84,70,50,0
13385,230,1,534.57,35,0,1
13388,32,2,677.10,35,0,1
13389,133,1,257.89,18,0,0
13391,104,1,59.80,1,0,1
13394,16,5,1543.45,76,194,0
13395,86,1,307.72,21,0,1
13396,220,1,387.27,15,0,0
13397,11,4,1228.19,22,229,0
13398,93,1,457.34,26,0,1
13402,28,2,621.23,32,245,1
13404,113,1,217.81,9,0,1
13405,105,2,557.45,24,113,0
13408,7,40,17408.08,178,267,0
13410,88,3,545.04,11,104,0
13411,8,1,213.55,17,0,1
13414,34,3,1390.50,23,163,1
13417,106,1,236.00,10,0,1
13418,25,14,4342.13,173,248,0
13420,50,2,159.85,8,21,1
13421,191,1,825.04,64,0,0
13425,9,3,1624.21,66,186,1
13426,83,5,1558.68,62,177,0
13427,21,2,464.86,19,95,0
13435,11,3,1088.12,31,79,0
13437,30,3,2024.25,105,61,0
13439,156,1,283.71,54,0,1
13448,119,4,1423.26,65,155,0
13450,25,4,1421.46,21,94,0
13451,27,4,2385.50,284,208,0
13452,160,2,590.00,1,11,1
13453,66,2,356.98,16,124,1
13455,267,1,692.94,30,0,0
13456,56,3,855.06,18,52,0
13458,36,9,7355.44,199,224,0
13461,39,2,884.20,12,25,0
13462,153,1,151.50,9,0,1
13466,85,1,307.90,17,0,1
13468,8,27,4255.53,151,266,0
13470,16,1,115.50,7,0,0
13473,233,1,241.26,12,0,0
13474,137,1,226.84,59,0,1
13475,92,4,1431.78,64,107,1
13476,79,2,1238.47,56,103,1
13477,39,4,899.55,38,153,0
13479,101,2,300.95,14,34,1
13481,9,4,1361.33,74,148,0
13482,133,1,184.64,11,0,1
13484,142,1,313.80,8,0,1
13485,134,1,454.24,23,0,1
13486,29,2,819.61,52,27,0
13487,114,2,408.80,21,140,0
13488,21,9,6596.38,231,247,0
13489,6,4,449.52,11,189,1
13491,48,9,1088.45,66,225,0
13492,37,3,1269.84,38,78,1
13493,176,2,618.63,6,12,1
13494,212,1,316.26,18,0,1
13495,133,3,1072.43,20,136,0
13496,260,1,501.01,26,0,0
13497,183,2,348.05,19,86,1
13499,126,2,463.79,18,44,0
13500,23,1,326.40,20,0,0
13501,189,1,1340.32,52,0,1
13502,175,2,189.16,9,49,0
13505,67,3,2583.12,110,66,0
13506,217,2,458.52,26,53,1
13507,8,2,1636.47,107,38,0
13508,144,1,110.97,12,0,1
13509,50,4,665.02,24,135,0
13510,84,1,585.32,38,0,0
13512,161,1,251.21,15,0,1
13513,27,1,205.10,10,0,1
13515,18,3,523.96,30,130,0
13516,139,1,146.00,7,0,0
13517,7,2,1612.18,99,73,0
13520,38,5,2947.98,40,234,0
13523,100,3,2369.24,92,167,0
13524,2,3,408.86,14,118,0
13525,149,1,282.88,2,0,0
13527,6,4,1362.52,110,221,0
13529,105,1,181.10,7,0,0
13531,106,2,483.80,17,161,1
13533,83,3,269.09,61,85,1
13534,8,21,4371.53,101,251,0
13538,21,5,891.75,8,195,0
13539,141,2,315.65,21,69,0
13544,141,1,113.01,42,0,0
13546,101,1,182.26,26,0,0
13548,144,1,281.01,59,0,0
13549,43,5,762.05,34,100,0
13551,220,1,91.80,4,0,1
13552,24,9,2762.91,61,192,0
13555,102,2,1590.05,55,0,0
13557,181,1,240.68,16,0,0
13561,116,1,141.86,14,0,1
13562,42,2,1209.73,44,104,0
13563,41,1,310.88,39,0,0
13564,45,3,1724.67,68,224,1
13565,235,1,110.18,13,0,0
13568,74,1,187.05,41,0,1
13569,268,1,109.82,23,0,0
13570,144,1,239.49,27,0,1
13571,28,6,801.15,89,126,0
13572,106,1,1384.25,32,0,1
13573,154,1,31.77,3,0,0
13575,34,2,218.75,13,43,0
13576,14,12,4517.21,38,260,0
13577,49,2,822.10,43,93,0
13579,270,1,164.70,9,0,0
13581,210,1,118.00,10,0,1
13583,56,1,781.03,53,0,1
13584,207,1,142.40,24,0,1
13588,21,3,1075.62,80,135,0
13589,80,1,147.00,9,0,0
13590,51,4,1116.38,46,153,0
13591,105,2,776.23,36,62,0
13592,106,3,205.51,12,59,0
13593,9,5,2011.88,77,228,1
13599,57,8,2313.84,71,210,0
13600,213,1,219.52,19,0,1
13601,112,1,373.20,41,0,0
13606,144,2,246.63,37,68,0
13610,11,5,764.76,140,175,0
13611,71,2,636.72,31,189,0
13614,65,2,778.88,82,166,0
13615,219,1,417.69,23,0,1
13617,14,2,365.70,23,67,0
13618,74,1,177.34,13,0,1
13621,17,1,213.85,19,0,1
13623,111,4,539.17,61,87,0
13626,153,1,257.23,19,0,1
13627,77,3,1027.00,62,181,0
13629,37,7,4897.36,27,202,0
13630,6,5,1361.46,49,180,0
13631,44,10,3017.92,6,124,0
13632,74,3,812.26,70,70,0
13634,7,3,755.97,73,221,0
13636,23,4,646.55,36,163,0
13637,88,2,678.65,75,39,0
13642,116,1,312.28,57,0,1
13643,86,1,87.90,6,0,0
13644,6,1,851.09,48,0,0
13645,21,1,252.10,5,0,1
13647,76,2,803.86,33,59,0
13649,157,2,346.60,23,110,1
13650,108,2,745.52,33,60,0
13652,157,2,638.24,33,112,0
13654,46,4,1714.27,100,128,0
13655,15,2,932.97,52,127,1
13656,65,2,379.65,49,173,1
13657,102,1,152.34,9,0,0
13658,105,1,933.30,32,0,0
13659,106,2,1563.00,92,115,1
13662,113,2,516.44,33,47,0
13663,80,1,189.47,13,0,1
13666,188,2,64.05,8,0,0
13667,50,1,299.05,82,0,1
13668,14,16,4900.97,218,249,0
13669,50,1,48.15,3,0,0
13672,202,2,186.39,4,31,1
13675,52,2,486.82,25,133,1
13678,52,1,232.60,16,0,1
13680,238,2,2391.59,69,2,0
13681,56,1,203.46,13,0,0
13682,88,1,59.50,3,0,1
13684,186,1,65.13,29,0,1
13686,83,1,72.00,8,0,1
13692,114,2,871.58,32,23,0
13694,8,39,45911.64,309,266,0
13695,20,11,1385.53,30,140,0
13699,56,1,308.58,14,0,1
13700,77,6,1229.31,86,151,0
13703,219,1,99.50,1,0,1
13705,45,2,522.68,20,229,1
13706,203,1,330.79,20,0,1
13707,168,2,806.41,48,48,1
13708,172,1,285.33,49,0,1
13709,2,5,2918.81,125,214,0
13711,119,2,252.06,11,0,1
13712,147,1,228.84,10,0,1
13715,182,5,1077.39,89,91,1
13716,170,1,138.28,21,0,1
13717,29,4,955.99,64,170,0
13718,147,2,306.55,9,49,1
13719,106,2,338.74,19,29,0
13720,17,4,799.90,42,138,1
13722,32,3,2375.41,75,151,1
13723,118,1,199.85,6,0,1
13725,70,7,1865.70,86,139,0
13726,1,1,292.68,23,0,0
13728,8,5,797.02,29,203,0
13730,36,2,752.60,38,26,1
13731,120,2,610.59,36,27,1
13735,76,2,1409.69,88,59,0
13736,161,1,357.53,73,0,1
13737,101,1,339.60,29,0,1
13740,141,1,350.75,23,0,1
13741,84,2,363.13,20,34,0
13742,63,10,2632.57,163,158,0
13743,8,5,912.12,8,152,0
13744,193,1,817.32,44,0,0
13745,63,1,300.04,25,0,1
13747,274,1,79.60,1,0,1
13748,133,3,580.85,11,141,0
13750,41,4,1316.63,16,196,0
13751,189,1,296.25,9,0,1
13752,25,6,1175.38,64,122,1
13753,188,1,741.26,35,0,1
13754,52,2,282.60,11,166,1
13756,30,7,2558.34,47,238,0
13758,102,5,2351.52,87,172,0
13760,157,1,135.09,28,0,0
13761,80,1,491.71,32,0,0
13762,119,1,306.72,7,0,1
13764,45,2,943.29,123,193,0
13767,9,28,9676.37,50,265,0
13769,23,6,1730.24,55,245,0
13771,100,2,1464.85,65,48,0
13772,140,1,228.42,36,0,0
13777,30,24,12360.24,35,244,0
13778,4,1,178.70,9,0,1
13780,71,1,116.28,9,0,1
13781,151,1,127.84,17,0,1
13782,25,3,484.79,59,203,0
13784,14,8,1968.63,9,219,0
13786,268,1,230.40,7,0,1
13787,265,1,106.40,7,0,0
13791,28,2,1516.00,7,41,1
13792,188,1,74.60,4,0,0
13798,8,41,28066.24,95,265,0
13799,17,2,688.86,32,178,1
13800,210,1,558.32,33,0,1
13802,39,3,4599.42,55,173,1
13803,156,1,277.07,17,0,1
13804,42,3,1355.11,74,148,0
13805,30,1,500.24,6,0,0
13807,268,1,112.60,7,0,1
13809,206,1,155.05,11,0,1
13811,84,3,814.50,7,56,1
13812,6,1,278.74,20,0,0
13813,35,1,385.14,17,0,0
13814,38,1,617.54,31,0,0
13815,73,2,2977.75,110,146,0
13817,252,1,128.70,9,0,0
13819,202,3,1140.35,26,18,1
13821,45,2,385.64,51,117,1
13824,36,4,1429.84,26,175,0
13826,77,1,189.50,10,0,1
13827,34,2,300.76,59,10,0
13831,39,4,1450.85,57,231,0
13833,60,1,383.85,28,0,1
13835,56,2,537.34,28,60,0
13837,112,2,266.59,17,106,1
13838,18,3,467.54,106,252,1
13841,153,1,85.00,1,0,1
13842,56,7,2165.27,96,211,0
13846,143,2,663.93,43,118,0
13848,198,2,935.00,3,69,0
13849,71,1,593.58,38,0,0
13850,30,1,1595.48,93,0,1
13851,29,2,1353.28,65,160,0
13854,7,19,6145.16,33,259,0
13856,69,3,388.50,10,35,1
13859,227,1,201.16,27,0,1
13862,9,6,1781.30,77,224,0
13863,148,1,305.78,20,0,1
13865,37,3,383.34,23,153,0
13867,119,1,138.85,8,0,0
13869,24,4,3083.65,234,234,1
13870,2,5,2179.47,82,186,0
13871,13,8,4074.24,116,196,0
13873,20,3,389.60,21,190,1
13874,259,1,540.45,18,0,1
13875,34,4,1424.80,66,168,0
13880,46,8,1680.76,69,222,0
13881,8,9,6969.14,46,204,0
13883,119,4,1742.78,94,35,0
13884,178,3,196.25,10,6,0
13885,90,2,506.80,28,11,1
13887,105,1,349.55,19,0,1
13888,20,2,595.67,38,99,1
13890,8,2,501.11,25,251,0
13892,147,1,54.52,3,0,0
13893,198,1,821.10,21,0,1
13894,211,1,160.85,10,0,0
13895,44,2,937.30,39,21,0
13898,226,1,155.93,12,0,1
13899,175,1,298.50,15,0,0
13900,84,3,740.95,42,79,1
13901,8,4,2652.28,129,211,0
13904,195,1,201.12,17,0,0
13908,27,3,1461.61,65,150,0
13911,45,8,2437.63,120,164,0
13917,92,1,65.38,5,0,0
13918,154,1,198.20,8,0,0
13919,22,1,213.15,16,0,0
13922,252,1,172.25,7,0,1
13925,22,2,496.05,25,13,0
13928,7,2,225.45,13,27,0
13929,70,2,842.65,8,157,1
13930,37,1,210.00,10,0,0
13931,181,1,378.21,20,0,0
13932,195,1,307.40,16,0,1
13933,10,2,608.79,23,39,1
13934,164,1,922.10,31,0,1
13936,80,1,376.58,26,0,1
13937,70,1,158.85,9,0,1
13939,9,2,390.21,32,203,0
13940,17,2,391.06,25,28,0
13941,72,3,2831.26,20,201,0
13946,102,2,485.97,9,66,0
13948,261,1,102.00,3,0,1
13950,147,1,179.31,7,0,0
13951,77,3,674.45,38,118,1
13952,118,2,3251.07,120,21,1
13953,16,5,2604.36,8,237,0
13955,55,2,322.96,33,151,1
13956,39,3,676.07,95,133,0
13959,182,2,337.44,31,81,0
13962,146,1,117.60,7,0,0
13963,209,4,664.54,35,59,1
13967,46,1,80.70,2,0,1
13969,8,11,3883.23,221,258,0
13971,7,6,1985.90,95,179,0
13972,102,1,145.90,9,0,0
13973,188,1,264.70,11,0,1
13975,29,4,1466.67,166,148,0
13976,107,1,357.98,10,0,1
13982,64,3,1230.14,45,202,0
13983,88,8,1681.06,65,179,0
13984,27,4,819.33,10,240,0
13985,8,7,2773.04,55,157,0
13988,63,3,1923.50,99,92,0
13989,140,1,896.67,23,0,0
13990,114,1,311.30,16,0,1
13991,44,1,126.35,7,0,0
13993,1,6,2247.41,59,230,0
13994,6,2,419.56,18,43,0
13995,16,3,871.90,39,130,0
13999,16,8,2561.94,86,246,0
14000,112,1,635.66,15,0,1
14001,133,2,1309.14,21,141,0
14002,35,2,529.73,47,22,1
14004,9,4,2962.26,66,180,0
14005,34,3,696.56,29,82,0
14006,16,3,962.19,22,197,1
14009,99,2,695.61,42,7,1
14012,178,1,328.80,11,0,1
14013,11,3,473.02,30,165,1
14016,62,4,4341.21,154,196,1
14019,39,1,384.29,25,0,0
14021,56,3,631.90,22,101,1
14022,126,1,440.00,28,0,1
14023,151,1,273.14,16,0,1
14024,22,2,327.70,16,3,1
14029,45,1,165.20,6,0,0
14030,22,6,1657.50,147,245,0
14031,27,13,9627.03,101,246,0
14032,69,6,1845.37,43,198,0
14034,58,2,473.91,23,0,0
14035,8,3,837.26,18,190,0
14036,185,1,626.65,38,0,1
14037,77,2,147.20,27,188,1
14038,45,2,1086.42,49,63,0
14040,18,9,2472.06,121,214,0
14041,167,1,141.41,21,0,1
14044,4,3,535.71,144,206,0
14045,10,4,1659.75,4,264,1
14046,185,1,154.99,14,0,1
14047,100,3,635.92,15,173,0
14048,206,1,409.93,83,0,1
14049,59,3,3244.74,211,159,0
14050,7,1,485.98,37,0,0
14051,14,15,8687.44,42,253,0
14053,25,2,260.25,2,35,1
14055,7,1,725.64,10,0,1
14056,8,17,5333.97,274,177,0
14057,1,13,4805.68,155,260,0
14059,167,1,183.60,8,0,1
14060,9,14,4102.78,67,264,0
14062,13,9,7801.79,57,252,0
14064,14,4,1097.03,44,161,0
14066,167,1,152.55,7,0,1
14068,221,1,265.85,22,0,1
14071,161,2,356.81,22,4,0
14075,162,1,307.92,18,0,0
14076,30,1,118.67,43,0,1
14077,83,3,310.40,30,92,0
14078,2,6,1049.37,46,272,1
14079,25,1,375.10,12,0,1
14081,203,2,921.62,126,67,1
14082,265,1,182.25,28,0,1
14083,27,7,533.39,92,245,1
14085,42,12,3220.94,228,227,0
14088,29,7,25507.89,232,194,0
14090,225,1,76.32,1,0,1
14092,32,9,2437.80,87,227,0
14096,2,1,21.84,6,0,0
14099,21,8,2309.92,143,234,0
14100,38,1,191.95,24,0,1
14101,43,5,4944.39,15,184,0
14104,55,2,216.21,21,11,1
14105,140,1,1266.23,74,0,1
14107,77,5,1836.84,55,188,0
14108,2,1,291.33,16,0,0
14110,20,5,3259.62,65,147,0
14111,7,2,247.20,3,135,0
14112,31,4,1900.82,89,145,0
14113,255,1,433.50,2,0,0
14114,174,2,386.53,15,57,1
14116,22,1,319.97,17,0,0
14117,44,1,90.00,3,0,1
14127,23,3,709.71,39,188,1
14128,156,1,305.54,22,0,0
14129,161,1,358.90,16,0,0
14130,220,1,480.91,66,0,1
14132,14,5,1552.46,48,70,0
14133,30,3,605.64,25,186,1
14135,6,10,3190.32,82,267,0
14141,6,1,285.16,16,0,0
14142,274,1,311.81,22,0,1
14143,34,1,115.80,7,0,1
14145,57,3,2851.20,6,61,0
14146,155,2,1903.73,62,103,0
14147,186,1,182.80,2,0,0
14148,134,1,157.20,3,0,1
14149,121,1,446.62,28,0,1
14150,260,1,306.18,12,0,0
14152,135,1,314.51,29,0,0
14154,140,2,1345.62,52,0,1
14155,167,1,118.75,6,0,1
14156,15,35,84977.35,596,257,0
14157,186,1,269.18,36,0,0
14159,45,6,2160.34,343,218,0
14161,116,3,1097.62,87,154,1
14162,74,2,289.36,25,119,1
14163,53,3,1659.39,31,87,0
14165,176,1,120.44,23,0,1
14167,66,3,389.85,23,166,0
14173,120,1,114.04,11,0,0
14175,72,2,1205.99,58,158,0
14176,198,4,576.90,28,70,1
14177,80,1,108.13,19,0,0
14178,44,2,296.82,74,39,0
14180,7,21,4110.12,107,266,0
14185,232,1,197.65,3,0,1
14188,10,4,1383.46,25,201,0
14189,14,10,2906.96,119,255,0
14191,9,7,2258.26,71,112,0
14193,170,1,422.54,23,0,0
14194,7,12,5666.45,203,202,0
14195,102,2,1012.00,7,51,1
14196,7,1,335.52,6,0,1
14198,46,2,356.95,21,94,0
14199,119,1,185.40,2,0,1
14201,50,5,521.24,19,210,0
14205,165,1,222.90,14,0,0
14206,140,1,328.16,20,0,1
14209,22,5,1876.33,54,211,0
14210,6,6,1905.84,66,266,1
14211,108,5,909.89,44,88,0
14214,57,3,899.16,56,121,0
14215,87,4,1098.27,58,182,0
14217,56,9,1085.00,49,211,0
14220,148,2,632.40,21,111,1
14221,14,7,2617.01,91,226,0
14222,78,1,683.17,41,0,1
14223,58,2,656.59,35,107,0
14224,11,4,1009.73,105,210,1
14226,111,2,1692.00,40,59,0
14227,97,7,2399.52,104,88,0
14229,192,2,762.13,23,42,0
14231,84,3,925.71,47,105,1
14232,16,4,1573.33,71,149,0
14233,112,3,959.10,15,106,0
14235,58,4,2802.86,62,103,0
14236,273,1,189.30,3,0,0
14237,274,1,161.00,9,0,1
14238,227,1,146.85,8,0,1
14239,31,7,1415.54,63,186,0
14240,126,1,226.85,10,0,0
14241,84,1,213.70,10,0,1
14242,135,2,280.55,13,91,1
14243,41,7,1990.78,86,225,0
14245,120,2,1693.45,107,44,1
14246,11,3,1474.06,57,135,1
14247,179,1,136.77,19,0,1
14248,219,1,302.58,8,0,1
14256,161,2,969.06,51,104,1
14257,24,4,2725.84,84,195,0
14258,52,7,9386.32,52,186,0
14259,42,1,120.00,5,0,1
14262,8,3,855.00,42,133,0
14264,55,2,333.97,15,91,1
14265,10,2,530.18,31,39,1
14267,63,3,1516.24,25,98,1
14270,232,1,492.65,29,0,1
14271,126,1,112.32,10,0,1
14272,155,1,132.09,8,0,0
14273,37,3,450.05,18,106,0
14276,81,2,720.40,37,109,0
14277,113,1,1629.03,71,0,0
14280,97,1,134.04,8,0,1
14282,10,9,2467.54,58,258,0
14285,77,1,5.90,1,0,0
14286,143,1,2050.08,141,0,0
14287,99,2,83.28,4,0,1
14288,114,1,426.60,16,0,1
14289,35,5,832.78,33,155,1
14290,262,1,777.56,23,0,0
14291,21,7,2355.54,96,155,0
14292,46,4,2590.21,50,137,0
14293,48,3,739.41,40,221,1
14297,175,1,232.60,11,0,0
14298,24,36,35591.84,665,237,0
14299,8,5,2437.14,70,258,0
14301,18,1,640.14,13,0,1
14304,123,1,383.45,17,0,1
14305,14,2,1048.45,62,22,0
14307,35,4,2307.89,119,239,0
14309,69,6,1310.02,57,190,0
14311,143,1,310.26,20,0,1
14312,87,4,854.59,42,151,0
14314,7,1,120.00,8,0,1
14315,30,5,1550.15,49,137,0
14320,107,2,477.79,29,126,1
14321,17,3,900.65,75,217,0
14323,15,2,605.06,32,124,1
14326,143,1,183.85,8,0,1
14327,64,1,311.65,12,0,1
14329,9,4,3485.03,169,221,0
14331,25,2,462.66,27,11,1
14332,48,1,119.04,2,0,0
14334,23,6,2013.51,87,236,0
14336,99,3,1114.39,53,78,0
14338,62,2,588.22,30,35,1
14339,143,1,309.52,14,0,1
14340,119,1,134.70,6,0,1
14341,31,6,1139.52,54,188,0
14342,38,2,419.74,11,73,0
14344,28,8,889.93,56,241,1
14346,21,2,1021.58,55,177,1
14348,161,1,409.57,18,0,1
14350,175,1,282.93,18,0,1
14351,65,1,51.00,1,0,1
14352,58,4,1078.96,44,116,1
14353,116,1,90.60,6,0,1
14355,266,1,174.40,11,0,1
14364,9,8,3717.35,61,103,1
14367,38,10,5419.70,209,139,0
14368,220,1,155.00,8,0,1
14371,196,1,100.50,4,0,1
14373,259,1,76.55,4,0,1
14375,86,1,235.56,57,0,1
14377,92,2,617.05,11,71,1
14379,196,1,110.98,17,0,0
14383,64,1,242.09,15,0,0
14386,197,1,142.40,7,0,1
14387,10,1,440.76,40,0,0
14388,22,5,1835.11,80,251,0
14389,91,1,311.14,19,0,0
14390,45,4,1590.71,95,228,0
14393,119,1,67.95,5,0,1
14395,78,6,1952.32,114,195,0
14396,272,1,110.35,34,0,0
14397,10,9,856.00,13,104,0
14400,50,1,574.70,25,0,1
14401,8,9,2766.30,76,252,0
14403,31,4,1475.81,17,117,1
14404,9,5,1322.52,64,261,0
14406,20,1,156.75,8,0,1
14407,8,6,2157.73,67,169,1
14408,31,5,1989.01,59,134,0
14409,23,5,1943.73,36,246,0
14410,42,7,975.18,123,164,0
14411,211,1,1063.00,14,0,1
14413,263,1,121.05,22,0,1
14414,10,5,1137.08,68,249,0
14415,24,8,3305.88,173,237,0
14418,9,1,150.44,17,0,0
14419,153,2,307.14,45,112,0
14421,112,1,455.18,15,0,0
14422,71,2,1032.15,57,97,0
14423,119,1,265.20,3,0,1
14426,41,6,2885.58,151,172,0
14428,140,2,330.62,25,86,0
14431,203,1,470.36,17,0,1
14437,266,1,63.00,5,0,1
14438,207,1,131.90,9,0,1
14439,220,1,2661.24,32,0,1
14440,217,2,1185.71,25,49,0
14441,156,1,356.84,13,0,0
14442,105,2,1589.82,58,112,1
14443,39,3,991.52,58,230,0
14446,147,1,303.04,83,0,0
14447,97,2,601.03,34,84,0
14448,265,1,102.35,18,0,1
14449,147,2,399.91,98,126,0
14450,81,3,483.25,32,140,1
14451,95,1,360.00,52,0,0
14453,91,1,119.93,22,0,1
14456,32,3,636.65,220,11,0
14457,211,1,113.64,4,0,1
14459,56,1,1837.92,37,0,1
14460,11,3,434.34,14,200,1
14461,49,3,2103.06,173,113,1
14462,21,9,1510.65,126,219,0
14463,71,2,309.42,4,35,0
14465,147,3,1038.44,107,56,1
14466,16,5,1580.45,28,257,0
14467,213,1,131.70,15,0,0
14470,188,1,297.64,35,0,0
14472,4,8,1852.67,153,252,1
14473,183,1,85.00,1,0,0
14475,87,2,622.17,23,118,0
14476,158,1,193.00,17,0,1
14477,85,2,523.00,3,113,0
14479,154,2,316.25,18,112,1
14481,65,2,636.51,25,123,1
14482,140,1,238.10,15,0,0
14483,182,1,137.10,9,0,1
14487,269,1,125.10,13,0,0
14489,108,1,463.38,30,0,1
14491,76,2,340.93,17,197,1
14493,56,1,611.22,29,0,0
14495,22,1,40.60,2,0,0
14496,212,2,538.81,16,62,1
14497,210,1,475.37,29,0,1
14498,17,4,1281.79,104,245,0
14499,34,2,367.81,71,145,0
14500,13,2,335.85,5,77,0
14501,84,2,251.21,9,136,1
14502,50,7,1163.22,201,164,0
14503,79,1,597.07,40,0,0
14504,144,3,542.71,81,35,0
14505,10,6,4222.74,388,253,0
14506,63,3,818.96,82,207,0
14507,2,4,924.69,71,175,0
14511,34,1,138.16,6,0,0
14512,88,2,275.28,19,45,1
14513,1,3,455.59,11,188,1
14514,102,2,403.11,36,130,0
14515,92,2,765.65,25,27,0
14517,42,1,252.45,14,0,0
14520,191,1,165.00,1,0,1
14522,99,1,278.63,7,0,0
14523,9,1,241.09,12,0,1
14524,79,5,1028.87,113,182,0
14525,1,7,2820.29,163,261,0
14527,8,39,5136.40,257,262,0
14529,11,1,135.24,49,0,0
14530,29,4,1957.47,99,168,0
14532,137,4,932.85,45,116,1
14533,13,2,734.98,23,240,0
14534,20,13,2899.75,257,199,0
14535,28,2,1652.81,166,121,0
14536,160,1,170.95,18,0,1
14538,157,1,106.50,3,0,0
14540,210,1,195.90,11,0,0
14541,69,7,1307.35,70,151,0
14542,86,1,103.25,5,0,1
14543,9,13,3234.50,37,256,0
14544,262,1,1101.77,53,0,0
14546,102,2,874.88,126,47,0
14548,51,2,652.80,2,167,1
14549,212,1,289.24,56,0,1
14551,105,1,125.43,7,0,0
14552,52,1,164.22,57,0,1
14553,119,2,312.32,35,121,0
14555,203,1,186.34,14,0,0
14560,10,13,1414.00,24,248,0
14561,63,2,566.99,35,22,0
14562,28,6,1954.85,103,177,0
14565,14,3,2560.32,99,248,0
14566,11,1,1432.00,4,0,1
14567,31,1,800.76,13,0,0
14570,181,2,218.06,29,0,1
14572,11,5,2063.24,153,214,0
14573,80,9,1639.82,127,193,1
14576,273,1,35.40,1,0,1
14577,64,3,646.64,70,199,0
14583,45,4,741.72,172,61,1
14584,70,4,1033.06,68,29,1
14586,177,1,237.36,19,0,1
14587,85,8,1452.68,166,147,0
14589,272,1,39.75,3,0,1
14591,114,1,204.02,33,0,0
14593,99,2,339.59,54,0,0
14594,274,1,255.00,31,0,1
14595,214,1,163.80,5,0,0
14597,92,1,165.10,3,0,0
14600,206,1,393.33,25,0,1
14603,175,1,660.00,2,0,1
14606,4,69,9280.05,707,270,0
14607,162,1,495.00,3,0,0
14608,263,1,204.00,1,0,0
14609,44,3,486.36,2,153,0
14616,143,3,406.08,2,75,1
14618,238,1,211.80,5,0,0
14619,146,1,394.44,20,0,1
14620,106,2,412.78,26,78,1
14621,57,3,1002.91,45,202,0
14622,85,1,320.58,21,0,1
14623,17,3,606.16,88,119,0
14625,97,2,899.63,51,165,1
14626,23,2,1571.29,64,111,0
14628,143,1,331.58,12,0,0
14631,136,2,630.08,24,63,0
14632,163,1,114.56,8,0,1
14633,167,1,344.90,20,0,1
14636,169,1,300.19,16,0,0
14639,21,4,1989.23,93,241,0
14640,28,4,1483.36,63,100,0
14643,71,2,693.81,30,188,1
14644,199,1,187.50,8,0,0
14645,57,2,597.09,28,119,1
14646,6,40,176355.94,492,249,0
14647,102,1,236.04,24,0,1
14649,113,2,582.12,48,0,0
14651,112,1,415.47,59,0,0
14653,239,1,344.81,29,0,0
14655,123,1,810.56,14,0,0
14656,70,2,291.05,73,114,1
14657,56,3,638.94,83,171,0
14658,18,1,123.14,14,0,1
14659,46,6,1641.55,107,170,0
14660,1,1,128.95,14,0,0
14662,135,3,512.28,82,82,0
14665,197,3,731.66,41,14,0
14667,14,17,5428.66,265,255,0
14669,142,3,1259.24,158,91,1
14670,181,2,392.86,107,0,1
14672,135,2,765.55,58,102,1
14673,268,1,373.49,15,0,0
14676,48,4,1690.92,19,136,0
14680,22,13,24196.40,70,250,0
14681,112,1,393.95,5,0,0
14682,88,2,52.00,1,14,1
14684,116,2,493.44,140,147,0
14687,7,1,628.38,15,0,1
14688,30,15,3831.37,110,244,0
14689,109,1,112.80,13,0,1
14690,52,1,212.56,28,0,0
14691,113,1,439.60,17,0,0
14692,38,4,591.55,53,185,1
14693,165,1,172.90,8,0,1
14696,20,5,1458.54,83,254,0
14697,119,2,188.61,22,0,1
14699,115,1,109.13,8,0,1
14700,90,2,1541.10,56,49,0
14701,73,7,1941.43,188,144,0
14702,17,9,1651.25,106,249,0
14704,43,2,207.50,56,38,0
14705,99,1,179.00,1,0,1
14708,55,2,701.18,12,214,1
14709,13,8,3364.44,64,246,0
14711,10,8,2056.73,146,153,0
14712,13,1,115.72,7,0,0
14713,28,8,1821.88,121,238,0
14715,199,2,247.45,21,33,0
14716,49,1,181.72,19,0,0
14719,80,2,488.12,70,70,0
14720,27,1,155.80,9,0,0
14722,48,1,180.42,28,0,1
14723,259,3,455.65,68,13,0
14727,175,1,268.58,10,0,1
14729,274,1,313.49,69,0,1
14730,8,5,872.13,142,169,0
14731,106,2,251.02,23,7,0
14732,44,5,1618.30,72,196,0
14733,11,11,9044.20,98,257,0
14735,11,22,3496.31,66,248,0
14737,29,2,1081.75,13,225,1
14738,34,5,757.65,28,183,0
14739,120,3,1307.62,23,148,0
14740,98,3,1448.21,85,86,1
14741,14,4,864.96,25,259,0
14744,198,5,928.03,14,69,0
14745,13,5,1220.26,46,173,1
14747,150,1,328.20,18,0,1
14748,24,4,1118.77,75,245,0
14754,196,1,228.27,15,0,0
14755,13,7,2867.68,103,222,0
14758,45,4,1484.06,54,115,1
14759,13,2,870.85,47,120,1
14760,198,1,89.20,5,0,1
14761,235,1,97.50,7,0,0
14762,164,1,300.52,21,0,1
14765,13,2,95.50,8,64,0
14766,69,4,1531.32,85,198,0
14768,28,1,133.20,4,0,0
14769,9,6,6284.84,478,249,0
14770,133,2,876.42,49,91,1
14772,13,1,139.26,9,0,1
14775,38,2,701.46,39,235,0
14776,6,8,1862.22,44,207,0
14778,28,2,730.86,34,181,1
14779,181,3,386.15,40,43,1
14782,220,1,200.10,6,0,1
14784,224,1,114.68,4,0,0
14790,20,2,364.04,22,134,0
14794,104,4,679.54,37,131,0
14795,67,1,131.45,6,0,1
14796,8,13,5748.12,325,259,0
14798,45,2,97.40,7,166,0
14800,10,9,3832.49,209,260,0
14803,63,3,845.55,35,130,1
14805,214,1,109.25,19,0,0
14808,45,6,1833.82,146,28,0
14810,4,10,1866.78,97,266,0
14813,270,2,152.88,25,0,1
14816,98,1,271.85,4,0,1
14817,101,2,1110.34,52,77,1
14818,70,2,409.63,23,84,0
14819,93,1,84.72,3,0,0
14820,74,1,139.77,8,0,0
14821,267,1,48.80,2,0,1
14823,81,3,321.43,56,14,1
14825,28,7,1333.47,68,241,0
14828,97,3,2139.76,17,140,1
14829,85,3,531.63,33,188,0
14834,21,2,429.30,18,120,0
14837,6,3,1345.56,82,96,0
14840,168,1,62.85,4,0,1
14841,80,4,2375.57,88,179,0
14842,92,2,1688.48,77,117,0
14844,24,3,2257.68,64,118,0
14847,49,1,309.40,13,0,1
14849,20,15,5025.25,115,254,0
14850,212,1,325.75,21,0,1
14851,157,1,206.13,14,0,0
14852,41,4,1634.21,54,112,0
14853,112,1,214.50,3,0,0
14854,34,6,2281.83,95,141,0
14855,20,2,645.65,13,15,1
14857,49,1,522.52,29,0,0
14859,105,1,296.86,11,0,0
14862,49,1,304.10,21,0,0
14865,273,1,37.20,3,0,1
14866,6,4,1163.90,25,261,0
14867,86,3,710.28,31,151,1
14868,21,4,1297.07,59,113,0
14869,4,1,387.06,48,0,1
14870,162,1,327.25,13,0,1
14871,79,3,335.30,44,182,1
14873,111,1,519.68,28,0,1
14875,8,2,1465.32,46,155,1
14878,74,6,1083.02,51,185,0
14880,86,2,347.67,25,103,0
14883,64,2,358.48,25,48,0
14885,32,1,765.32,15,0,1
14886,153,1,364.80,18,0,1
14888,108,1,369.20,20,0,1
14889,237,1,135.90,10,0,1
14890,154,1,125.65,7,0,1
14891,49,2,554.38,30,39,1
14895,11,10,6081.71,183,180,0
14896,105,2,468.77,43,161,1
14897,197,1,175.50,10,0,0
14898,35,5,991.18,60,237,0
14901,2,5,822.12,50,271,0
14903,25,4,2398.62,195,154,0
14905,58,2,616.15,14,76,1
14907,48,4,1931.82,86,220,0
14911,6,106,74381.01,1190,268,0
14912,147,1,482.79,14,0,0
14913,84,3,917.15,57,176,0
14915,178,1,142.28,8,0,0
14916,50,2,701.28,42,175,0
14918,16,2,1610.15,39,39,1
14920,113,2,977.77,57,0,1
14921,102,1,903.01,53,0,0
14924,146,1,310.05,10,0,1
14930,9,3,2362.96,116,166,1
14931,107,2,586.00,10,34,0
14932,266,1,363.53,17,0,1
14934,183,1,828.84,39,0,0
14935,198,1,1784.71,10,0,1
14936,9,3,5072.88,124,167,0
14937,31,1,759.56,13,0,0
14944,45,6,2507.73,63,152,0
14947,31,1,178.50,10,0,0
14948,10,3,556.87,35,110,0
14952,107,7,3534.61,82,158,0
14957,154,1,58.49,12,0,1
14958,48,3,483.73,33,98,1
14959,10,3,537.32,33,187,0
14960,72,1,88.30,2,0,1
14961,55,6,3906.98,140,206,0
14962,171,1,126.70,5,0,1
14963,84,1,294.20,37,0,0
14964,148,1,206.21,13,0,1
14970,38,3,1119.75,10,179,0
14972,29,1,114.77,18,0,1
14973,8,3,1314.45,29,118,1
14976,2,4,559.96,38,225,0
14978,136,4,1527.23,120,95,0
14981,147,1,102.12,8,0,1
14984,81,1,102.23,16,0,0
14985,99,2,292.01,78,160,1
14987,266,1,163.20,2,0,0
14988,112,1,334.54,40,0,1
14995,181,1,119.31,37,0,0
14997,79,1,155.28,9,0,0
14998,71,2,414.87,70,71,1
15002,16,4,1641.76,93,252,1
15004,48,1,1220.77,154,0,1
15005,9,19,4314.23,273,258,0
15007,60,1,156.91,12,0,1
15012,274,1,188.56,46,0,0
15014,77,1,117.73,2,0,0
15016,73,1,170.04,20,0,1
15018,153,2,291.34,17,115,0
15019,167,1,252.81,64,0,1
15021,57,5,1080.23,204,210,0
15023,17,8,5027.97,271,253,0
15024,14,5,830.62,62,254,0
15026,141,2,230.78,24,37,0
15027,69,3,966.97,27,70,0
15028,269,1,185.97,14,0,0
15030,169,1,152.76,3,0,0
15031,11,2,261.79,42,172,0
15032,157,3,4959.10,29,110,1
15033,10,6,1608.95,203,220,0
15034,133,5,2640.38,158,121,0
15036,78,2,212.49,49,2,0
15038,88,4,497.70,90,182,0
15039,15,36,17502.56,360,254,0
15041,71,1,179.93,66,0,1
15042,100,1,135.93,5,0,1
15044,37,13,5152.68,147,226,0
15045,52,2,735.66,11,106,1
15046,28,10,3822.48,119,211,0
15047,170,1,343.62,22,0,1
15048,17,3,321.48,74,252,0
15049,174,1,121.17,3,0,1
15051,51,1,377.74,34,0,0
15052,220,1,207.73,27,0,1
15053,57,2,478.60,28,125,1
15057,176,2,1489.50,25,40,1
15058,25,7,1234.76,131,188,0
15059,8,7,1008.60,127,227,0
15061,28,37,36575.00,59,245,0
15062,118,3,814.04,38,142,0
15063,114,1,370.80,5,0,1
15065,65,3,2858.75,132,127,0
15067,183,1,848.05,35,0,0
15068,157,1,239.96,39,0,0
15069,80,1,1109.53,70,0,1
15070,273,1,106.20,1,0,1
15071,176,1,588.67,12,0,0
15073,86,2,861.96,22,1,1
15074,6,1,735.67,41,0,1
15076,73,1,880.85,49,0,1
15078,6,22,6702.59,83,263,0
15079,113,4,895.61,46,153,1
15081,109,2,248.05,16,159,0
15083,157,1,88.20,5,0,1
15087,182,1,306.94,15,0,1
15089,9,2,1677.23,102,20,0
15090,209,1,381.32,23,0,1
15092,116,2,457.81,23,68,1
15093,17,5,4027.10,51,256,0
15095,4,4,1370.60,30,100,1
15098,83,3,39916.50,1,0,1
15100,234,3,876.00,1,40,1
15101,260,1,102.28,4,0,1
15104,97,2,993.54,66,86,1
15105,35,1,532.98,19,0,0
15106,42,3,1032.83,67,128,0
15107,212,6,319.50,12,61,1
15108,42,4,1300.25,50,86,1
15109,146,1,484.95,28,0,1
15110,27,2,376.55,13,192,0
15111,273,1,288.50,16,0,0
15114,17,6,1354.01,66,185,0
15116,35,2,790.97,20,70,0
15117,21,2,675.73,31,95,0
15118,35,1,244.80,1,0,1
15119,146,1,266.40,14,0,1
15120,34,1,358.82,21,0,1
15121,189,1,295.15,18,0,0
15122,15,3,1633.78,65,183,1
15123,107,1,1069.47,53,0,1
15124,92,1,90.75,9,0,0
15125,14,12,10795.48,97,157,0
15128,27,3,1170.24,66,93,0
15129,7,10,2796.73,48,185,0
15130,70,1,330.11,22,0,1
15132,6,3,842.23,47,157,0
15133,28,3,982.42,27,174,1
15134,28,4,614.86,27,113,0
15135,140,1,139.05,9,0,1
15139,140,2,178.96,13,97,1
15140,16,5,1728.11,53,149,0
15143,126,1,259.45,14,0,1
15144,14,9,2968.94,78,199,0
15145,128,2,724.03,35,21,0
15146,65,2,1327.16,90,127,1
15147,141,1,623.50,28,0,1
15149,34,1,520.80,23,0,1
15150,10,5,3569.62,225,160,0
15152,14,6,2383.21,110,74,0
15157,55,2,1505.37,89,204,1
15159,13,18,8969.97,205,249,0
15160,258,1,158.16,4,0,1
15163,93,1,155.00,10,0,0
15164,109,2,363.23,52,131,0
15165,274,1,487.75,27,0,1
15167,221,1,158.80,39,0,1
15171,232,1,1289.50,5,0,1
15172,36,3,886.74,60,101,0
15174,223,1,135.75,11,0,1
15178,161,1,40.50,3,0,1
15179,134,3,1455.12,45,86,0
15180,268,1,87.50,6,0,1
15181,76,2,435.00,10,94,0
15182,55,2,622.85,24,114,1
15184,91,1,235.23,20,0,0
15186,69,1,229.26,10,0,0
15187,30,4,1552.04,29,83,0
15189,7,28,11128.54,61,226,0
15192,20,3,1044.32,36,246,1
15194,27,11,4469.53,152,242,0
15197,153,2,773.25,15,106,0
15198,25,1,107.64,5,0,0
15199,136,2,657.15,3,73,0
15201,27,4,933.26,29,121,0
15203,6,4,1328.32,73,206,0
15204,258,1,316.58,9,0,1
15205,28,1,476.30,24,0,0
15206,46,2,53.10,3,130,0
15208,64,2,323.52,16,190,0
15210,126,1,331.18,20,0,1
15211,266,1,383.07,23,0,0
15212,142,1,101.80,5,0,1
15213,219,2,328.35,22,11,1
15214,84,2,651.63,46,59,0
15218,17,8,3865.35,68,202,0
15219,77,1,305.75,9,0,1
15220,16,5,1284.05,84,165,0
15221,267,1,403.25,5,0,1
15222,219,1,585.00,5,0,1
15223,126,2,755.75,14,24,1
15224,259,2,322.08,13,4,1
15225,135,1,409.40,23,0,1
15226,211,1,154.41,8,0,1
15227,116,3,876.82,36,102,0
15228,30,3,2224.03,83,165,0
15230,140,2,429.60,23,1,1
15232,14,2,612.06,26,27,1
15234,177,1,197.00,14,0,1
15235,118,12,2247.51,132,156,1
15236,199,1,321.05,15,0,1
15237,104,2,1093.65,74,24,0
15238,85,1,300.14,14,0,0
15240,92,3,1045.38,30,120,0
15241,28,6,1344.86,73,156,0
15244,149,1,297.94,15,0,0
15245,35,3,2515.84,55,127,1
15246,139,2,514.15,32,120,1
15247,23,1,356.00,6,0,1
15249,8,10,5357.03,178,149,0
15251,7,7,7452.12,67,135,0
15252,84,1,300.55,14,0,0
15253,70,1,173.85,12,0,0
15254,28,1,300.36,18,0,1
15256,49,1,98.45,6,0,1
15257,184,1,317.15,7,0,1
15258,69,2,623.16,32,49,1
15260,1,7,1810.77,62,272,1
15261,36,1,254.82,19,0,1
15262,224,1,178.95,10,0,1
15263,7,1,156.51,12,0,1
15265,52,2,1506.12,76,84,1
15266,239,1,119.30,6,0,1
15267,56,2,1407.76,7,27,0
15270,18,5,1850.29,21,193,0
15271,17,9,1368.30,103,249,0
15279,255,1,290.51,19,0,1
15280,73,1,113.12,16,0,1
15281,37,8,2191.78,113,197,0
15288,56,4,2006.36,74,210,0
15289,38,2,697.98,41,112,0
15290,4,12,3392.59,51,256,0
15291,73,11,3306.27,57,201,0
15292,102,1,178.39,24,0,1
15296,10,5,2599.49,118,217,0
15298,43,6,2767.20,71,224,0
15299,65,5,3035.01,5,208,0
15301,14,9,3727.40,130,255,0
15303,191,1,574.02,31,0,1
15304,65,6,491.90,8,204,0
15306,49,1,344.62,17,0,0
15308,175,1,310.47,19,0,1
15311,13,63,44996.54,466,261,0
15312,4,3,794.80,33,251,0
15313,11,1,52.00,1,0,1
15314,100,1,327.97,24,0,1
15315,17,1,233.54,16,0,0
15316,227,1,165.00,1,0,1
15319,184,1,204.50,16,0,1
15321,192,1,1159.47,38,0,0
15325,4,1,161.74,47,0,1
15326,234,1,311.71,29,0,1
15329,35,2,754.00,42,37,0
15332,267,4,1661.06,29,3,1
15333,109,1,1028.56,16,0,1
15334,57,3,350.82,67,17,1
15339,219,1,257.90,40,0,0
15342,30,1,406.09,24,0,1
15346,233,1,252.42,17,0,1
15347,267,1,201.60,5,0,1
15349,59,2,463.91,65,29,1
15350,274,1,115.65,5,0,1
15351,270,1,274.67,49,0,0
15353,155,2,770.12,59,113,1
15356,6,8,2231.17,201,263,0
15358,21,15,5639.81,240,245,0
15361,262,1,418.92,7,0,1
15363,273,1,326.00,16,0,1
15364,155,1,331.80,3,0,0
15365,216,1,208.61,12,0,0
15366,259,1,105.54,8,0,0
15367,146,2,1416.18,65,30,0
15370,42,4,1513.46,54,191,0
15372,38,1,2007.40,27,0,1
15373,16,9,1686.90,65,256,0
15374,29,1,168.00,3,0,1
15376,18,2,977.22,94,105,0
15379,70,7,3703.29,145,189,1
15380,42,2,582.56,17,224,0
15381,114,2,596.85,8,55,1
15382,85,4,2127.12,97,111,0
15384,70,2,642.41,34,190,1
15386,87,1,394.14,31,0,1
15388,171,1,140.54,10,0,1
15389,73,1,500.00,1,0,1
15392,261,1,338.98,19,0,0
15393,182,1,124.10,8,0,0
15394,105,2,1436.44,44,154,0
15395,226,1,107.45,7,0,1
15396,13,1,288.18,14,0,1
15397,190,1,94.00,6,0,1
15400,14,4,611.20,9,165,0
15402,49,2,626.77,35,48,1
15405,90,1,349.10,8,0,1
15406,202,1,252.29,42,0,0
15407,84,3,740.73,62,122,0
15408,165,1,267.18,34,0,1
15410,30,6,2702.67,43,132,0
15411,25,2,382.21,22,58,0
15412,72,1,190.53,10,0,1
15414,143,1,36.20,5,0,0
15415,214,1,559.61,46,0,1
15416,56,3,3144.33,135,127,0
15421,116,3,739.36,35,95,0
15422,224,2,97.70,6,0,1
15424,155,2,383.34,17,0,1
15426,158,2,634.13,101,112,0
15433,114,2,533.30,40,54,1
15434,8,3,587.28,32,93,0
15436,135,1,484.10,124,0,0
15437,163,1,200.16,44,0,1
15438,32,1,156.58,25,0,1
15440,37,2,237.66,25,72,0
15442,149,1,594.00,2,0,1
15443,10,2,684.80,72,211,0
15445,165,1,113.50,5,0,1
15447,231,1,155.17,9,0,1
15448,213,1,494.64,28,0,1
15449,86,2,647.70,30,76,0
15452,165,1,237.00,36,0,0
15453,32,3,479.36,77,56,0
15454,263,1,179.10,23,0,1
15456,184,3,434.59,48,76,1
15457,163,1,237.07,56,0,1
15460,255,1,214.26,53,0,1
15462,44,2,169.80,7,44,0
15464,239,1,1044.65,155,0,1
15465,39,15,5992.13,38,231,0
15467,46,2,402.56,36,7,1
15469,21,1,304.30,16,0,0
15472,14,1,371.56,76,0,1
15480,17,1,905.50,45,0,1
15482,66,4,1928.30,17,193,0
15483,62,4,225.26,74,105,1
15485,237,2,1268.13,33,37,0
15489,112,1,348.26,23,0,0
15491,1,5,2800.93,108,135,0
15493,50,3,1286.95,126,121,0
15494,22,1,1119.88,87,0,0
15497,220,1,970.60,10,0,0
15498,21,19,9126.37,288,246,0
15502,24,5,5955.53,148,246,0
15503,263,1,141.04,66,0,1
15505,14,3,2091.14,36,42,0
15506,39,1,208.77,45,0,0
15507,72,1,475.86,41,0,1
15508,90,6,1000.27,78,46,1
15510,231,1,250.00,1,0,1
15512,56,2,121.00,7,204,1
15513,7,15,8928.87,145,267,0
15514,126,6,2501.94,50,139,0
15517,134,1,267.03,27,0,1
15518,25,7,1603.86,125,208,0
15521,49,5,2116.98,112,106,0
15525,274,1,274.93,44,0,0
15527,45,5,1330.79,68,210,0
15528,155,1,229.33,26,0,1
15529,43,8,2387.23,280,224,0
15530,50,3,1163.69,77,97,0
15532,32,3,1214.49,165,227,0
15535,74,4,502.90,55,154,1
15537,64,1,110.92,24,0,1
15541,15,1,85.13,29,0,1
15543,189,1,127.86,26,0,1
15544,20,7,2772.37,95,253,0
15545,272,1,135.33,31,0,0
15547,11,8,2745.16,236,252,0
15549,58,2,1619.88,94,159,0
15550,7,3,433.28,36,195,1
15552,118,1,90.12,17,0,1
15554,178,1,217.20,14,0,1
15555,4,10,2809.63,260,266,0
15561,50,3,449.67,16,66,0
15562,252,1,134.55,1,0,1
15563,101,2,735.62,55,158,0
15569,4,5,1375.71,27,229,1
15570,42,9,2809.98,184,228,0
15572,10,4,1552.79,109,169,0
15574,78,4,675.64,131,195,1
15577,52,3,258.88,39,154,1
15578,63,1,127.10,13,0,1
15579,214,1,195.35,25,0,0
15581,21,13,3675.77,134,246,1
15582,1,2,541.51,33,120,0
15584,63,1,150.40,35,0,0
15585,77,1,455.30,31,0,1
15587,43,2,456.84,3,209,0
15589,156,3,478.53,28,55,1
15594,135,1,267.91,15,0,0
15596,1,5,1406.59,51,265,1
15599,105,1,448.83,29,0,0
15601,23,11,5585.46,200,250,0
15602,101,5,542.95,12,168,0
15605,153,3,690.18,37,121,0
15606,20,8,2439.38,42,205,0
15607,237,1,104.76,13,0,1
15608,21,1,285.68,18,0,0
15609,85,1,298.48,16,0,1
15611,4,8,947.14,17,231,0
15615,6,19,7367.85,153,254,0
15618,37,1,222.83,12,0,0
15620,121,2,875.01,59,138,0
15622,98,5,2602.00,127,85,0
15623,42,1,301.03,19,0,1
15624,17,4,588.13,26,140,1
15625,4,4,1534.26,44,132,1
15626,230,1,281.88,20,0,0
15628,29,4,1313.55,53,238,0
15630,105,1,396.86,21,0,0
15632,22,6,2351.84,76,153,0
15636,183,1,306.70,8,0,0
15639,35,1,425.32,25,0,1
15640,22,11,8836.74,193,251,0
15641,6,4,1887.20,102,254,1
15643,92,3,664.00,31,91,1
15644,67,4,803.54,166,95,1
15646,58,3,447.64,35,215,1
15648,105,2,639.50,23,63,1
15649,237,2,816.00,1,31,1
15651,161,1,227.32,16,0,0
15653,16,1,48.00,4,0,0
15655,144,1,560.67,34,0,1
15656,79,3,563.63,34,106,0
15658,91,5,1024.10,40,182,1
15660,36,6,884.34,35,230,0
15661,218,2,309.80,4,21,1
15663,7,1,138.14,9,0,1
15665,69,2,2222.21,92,75,1
15668,118,1,76.32,1,0,1
15669,4,3,565.54,29,160,0
15670,197,1,173.05,12,0,1
15671,27,4,1334.49,44,144,0
15673,57,3,2014.70,82,171,0
15674,114,4,1379.66,39,41,0
15675,56,2,225.39,16,125,0
15676,184,1,897.80,61,0,0
15679,55,2,260.26,18,28,0
15680,267,1,478.89,30,0,0
15681,84,3,703.22,22,97,0
15683,18,1,193.75,10,0,1
15687,87,5,1679.45,69,144,0
15689,20,2,254.10,8,242,1
15690,1,1,111.00,8,0,1
15691,153,1,136.80,2,0,1
15694,77,9,3305.78,23,196,0
15695,167,2,409.98,22,0,1
15696,121,6,1629.95,89,106,0
15700,73,2,696.68,85,1,1
15701,11,1,853.90,119,0,0
15703,165,1,211.50,5,0,1
15704,41,4,2293.62,79,75,1
15705,102,1,143.10,6,0,1
15706,17,1,450.05,29,0,0
15708,39,6,2589.34,103,231,0
15709,184,1,133.25,6,0,1
15712,10,3,766.31,32,178,0
15713,44,2,356.70,18,223,1
15716,46,4,1101.11,101,224,1
15717,135,1,150.30,7,0,1
15719,27,10,3546.80,252,211,0
15722,9,3,1413.45,32,182,0
15723,265,1,190.70,37,0,1
15724,102,2,218.25,11,83,1
15727,8,6,4589.39,191,252,0
15729,113,1,85.00,5,0,1
15730,107,1,467.43,29,0,0
15732,113,2,294.12,13,160,1
15733,183,1,162.30,10,0,1
15734,15,2,1339.45,25,86,1
15737,48,5,880.93,43,95,0
15738,10,12,3558.41,42,263,0
15743,14,2,434.05,31,71,0
15745,137,1,302.85,18,0,0
15746,35,1,196.88,28,0,1
15747,21,2,525.37,26,52,0
15749,136,3,44534.30,5,97,1
15750,71,4,1108.18,125,196,0
15752,16,5,1612.85,178,257,0
15753,205,1,79.20,1,0,1
15754,147,1,91.80,6,0,0
15755,9,3,1144.83,65,186,0
15756,53,3,359.89,118,97,0
15757,118,1,261.36,16,0,0
15759,119,3,253.04,5,140,1
15764,8,5,3276.62,150,169,0
15768,16,3,621.83,23,110,1
15769,2,19,41863.72,19,270,0
15775,146,1,104.90,7,0,1
15776,34,1,241.62,18,0,1
15777,142,4,1047.11,18,120,1
15780,84,3,475.28,26,174,1
15781,38,2,211.30,11,168,0
15785,58,4,1665.83,41,138,0
15786,15,1,3147.64,165,0,0
15789,259,1,351.30,25,0,1
15791,105,1,1223.24,54,0,0
15793,169,1,306.64,3,0,0
15795,50,1,610.01,42,0,1
15796,10,5,1572.77,59,193,0
15797,14,4,2207.40,8,206,1
15799,86,2,481.24,37,149,0
15800,8,2,696.89,116,139,1
15801,10,1,137.22,9,0,0
15802,43,1,451.42,1,0,1
15804,9,4,2076.91,103,90,0
15805,7,11,3548.50,150,258,0
15806,58,2,521.88,19,119,0
15808,207,4,3651.27,142,63,1
15809,85,4,399.21,24,118,0
15810,71,3,1361.19,64,126,0
15811,6,5,1773.80,89,260,0
15812,8,5,1801.14,36,210,1
15813,108,2,1303.91,40,32,1
15815,41,4,1874.70,24,119,0
15819,32,3,1585.47,83,145,0
15820,220,1,206.98,17,0,1
15822,260,1,440.20,16,0,1
15823,273,1,15.00,1,0,1
15825,73,1,532.94,20,0,1
15826,111,1,720.00,28,0,0
15827,15,13,1598.16,60,258,0
15829,41,1,325.44,26,0,0
15831,25,2,451.11,22,200,0
15832,155,1,836.79,54,0,1
15834,66,3,1783.22,176,112,0
15835,38,3,675.51,32,193,0
15838,9,12,14153.50,51,259,0
15839,49,1,299.18,20,0,0
15840,73,1,241.74,17,0,0
15841,119,2,613.26,19,120,0
15843,204,1,118.95,8,0,1
15845,45,5,2526.76,73,193,0
15847,189,1,180.68,9,0,0
15850,69,1,116.16,41,0,0
15852,87,2,160.71,22,11,1
15854,41,9,2393.69,70,221,0
15855,37,5,712.24,59,127,1
15856,1,15,9939.48,245,265,0
15858,190,2,816.22,91,78,0
15860,25,5,654.28,62,244,0
15861,35,3,1123.76,174,133,0
15862,13,3,659.73,98,261,1
15863,93,1,9.20,2,0,0
15864,78,2,414.26,7,139,0
15865,114,1,313.93,16,0,0
15866,2,1,211.89,43,0,1
15867,14,12,2947.41,253,256,0
15869,178,2,149.64,13,0,1
15874,78,6,2207.75,79,107,0
15880,270,1,329.03,95,0,1
15881,213,5,501.39,26,52,1
15882,99,4,516.36,23,170,1
15885,210,1,15.00,1,0,0
15889,57,2,420.07,79,213,1
15891,127,1,511.68,60,0,1
15894,154,2,258.25,35,116,1
15895,50,1,179.17,11,0,1
15897,95,2,208.59,17,0,1
15898,127,4,997.94,67,142,1
15899,269,1,56.25,4,0,1
15901,55,1,110.49,24,0,0
15903,128,2,641.64,19,68,0
15906,45,4,797.71,56,111,0
15907,77,2,477.59,93,34,1
15909,74,1,191.94,7,0,1
15910,108,4,550.61,117,109,0
15912,79,2,264.62,19,55,1
15916,92,5,846.95,64,175,0
15917,148,1,123.10,12,0,1
15918,91,2,334.23,33,81,1
15919,269,1,214.08,38,0,0
15920,55,4,167.50,53,0,1
15921,73,1,323.03,24,0,1
15922,274,1,369.50,11,0,1
15923,273,1,127.08,21,0,1
15925,95,1,207.15,12,0,1
15932,8,6,1885.95,65,182,0
15935,140,2,416.86,12,2,1
15938,13,5,404.58,13,211,1
15939,8,14,5860.25,28,224,0
15940,212,1,35.80,1,0,1
15942,34,1,337.44,14,0,1
15944,177,1,325.10,6,0,1
15945,266,1,181.00,2,0,1
15950,7,2,1091.38,66,253,0
15951,186,1,375.17,22,0,1
15952,60,2,309.20,25,66,0
15953,112,4,824.04,29,158,0
15955,7,8,2463.65,68,266,0
15965,268,1,156.19,16,0,0
15967,219,1,161.90,32,0,0
15969,86,1,308.70,10,0,0
15970,204,1,314.10,11,0,1
15971,9,7,2109.45,9,203,0
15973,267,1,307.82,4,0,1
15974,34,5,2547.13,100,155,0
15976,66,2,427.64,83,55,1
15980,155,1,760.18,20,0,0
15981,38,6,2458.20,31,174,0
15983,261,3,1138.37,57,13,0
15984,1,7,1807.51,176,268,0
15985,24,2,1142.42,29,113,1
15987,21,6,1193.63,64,248,0
15990,188,1,401.37,23,0,0
15996,17,5,879.76,91,250,0
15998,72,3,2105.26,280,191,0
16003,35,3,1793.90,56,225,0
16005,83,2,275.41,77,88,0
16006,112,1,101.40,8,0,1
16007,81,2,727.67,128,35,0
16008,105,1,139.15,6,0,0
16009,60,1,441.59,55,0,0
16010,146,3,392.40,62,117,1
16011,20,10,1715.53,82,247,0
16012,29,2,1132.12,49,27,0
16013,10,34,21587.74,27,262,0
16014,53,2,514.38,115,139,0
16016,97,4,791.07,99,170,0
16018,81,1,161.90,15,0,0
16019,37,7,2952.25,85,228,0
16022,161,1,602.63,68,0,1
16023,93,2,500.69,59,74,0
16027,38,5,776.22,11,165,0
16029,8,46,52213.24,43,266,0
16030,210,1,331.24,28,0,1
16031,148,1,305.63,39,0,0
16033,9,16,5864.55,367,261,0
16034,97,3,437.70,18,136,1
16036,164,1,188.73,11,0,0
16037,170,3,855.02,37,89,1
16038,78,2,393.33,23,24,1
16040,49,2,876.18,42,120,0
16041,42,2,2739.80,5,0,0
16042,8,2,440.48,26,225,0
16043,112,3,676.49,22,106,0
16045,20,4,1340.70,71,171,1
16048,274,2,256.44,8,0,1
16050,74,1,137.90,10,0,1
16053,23,1,1124.19,62,0,0
16054,46,1,783.90,70,0,1
16055,121,1,134.80,8,0,1
16057,112,3,1059.54,58,73,0
16059,64,4,944.60,99,204,0
16062,34,3,778.14,37,231,1
16063,161,1,335.32,23,0,1
16065,266,1,367.14,71,0,1
16066,25,1,316.38,6,0,0
16072,189,1,584.32,23,0,1
16073,198,1,122.40,1,0,1
16076,21,3,887.80,49,88,0
16078,184,1,79.20,1,0,1
16080,175,1,130.26,5,0,0
16081,86,3,992.37,57,181,0
16083,1,2,1317.62,31,260,1
16084,200,1,436.18,38,0,1
16085,137,2,325.04,48,84,0
16086,101,3,587.06,16,167,0
16091,55,2,315.06,16,44,1
16092,15,3,817.86,37,140,1
16093,7,1,17.00,1,0,1
16094,120,1,252.10,16,0,0
16096,165,1,320.62,12,0,1
16097,141,1,185.05,10,0,1
16098,29,6,1712.49,31,245,0
16099,38,2,592.10,26,88,0
16102,29,1,839.76,31,0,0
16103,58,4,1156.40,24,76,0
16105,149,1,336.96,13,0,1
16107,4,3,1494.12,16,80,0
16109,119,2,611.88,18,90,1
16110,163,2,678.18,173,49,0
16112,44,4,195.74,15,195,1
16113,84,1,161.38,30,0,1
16114,71,1,135.75,8,0,1
16115,18,5,924.59,125,175,0
16116,112,1,612.78,34,0,1
16117,90,1,232.21,30,0,1
16121,116,1,285.94,60,0,0
16122,13,3,550.26,24,254,0
16124,218,1,249.00,11,0,1
16125,268,1,289.35,13,0,1
16126,2,3,3706.70,41,195,0
16128,44,2,694.70,34,139,0
16131,16,4,2278.50,46,124,0
16133,2,23,10619.27,139,217,0
16134,260,1,283.53,16,0,0
16135,163,1,517.55,21,0,1
16136,178,1,159.30,8,0,0
16139,13,2,306.37,13,94,0
16140,272,1,124.14,7,0,0
16142,150,1,535.34,37,0,1
16143,9,5,1949.36,70,261,1
16144,147,1,175.20,1,0,1
16145,24,7,2282.30,93,236,0
16146,58,3,734.13,26,75,1
16147,34,1,375.00,22,0,1
16148,197,1,76.32,1,0,1
16149,43,1,163.68,11,0,1
16150,29,3,1408.70,66,244,0
16152,169,1,1829.04,29,0,1
16153,16,4,1023.54,50,239,0
16156,52,5,1415.17,62,159,0
16159,182,1,348.20,14,0,1
16161,41,12,3036.66,172,228,0
16162,153,1,37.40,2,0,1
16163,133,2,856.60,5,133,1
16168,4,16,2361.20,39,266,0
16170,13,5,1560.66,91,136,0
16172,31,3,800.35,41,111,0
16174,27,3,1009.55,19,25,1
16175,70,3,736.89,34,71,0
16178,39,1,197.90,8,0,1
16180,1,8,10254.18,90,152,1
16182,31,3,4844.00,8,164,0
16184,6,5,985.80,22,106,0
16185,133,1,335.00,19,0,0
16186,4,9,2696.53,67,269,0
16187,14,10,4601.32,130,171,0
16188,42,3,755.03,51,101,0
16191,163,8,2615.68,25,98,0
16193,137,1,314.45,19,0,1
16200,65,1,550.57,58,0,1
16201,10,1,303.80,19,0,0
16202,261,1,365.27,18,0,1
16203,48,3,378.30,19,225,0
16205,80,1,112.35,27,0,0
16206,25,3,409.86,48,203,0
16208,190,1,497.59,40,0,0
16209,20,4,2116.90,35,127,0
16210,17,10,10904.08,47,257,0
16212,184,1,498.15,30,0,0
16214,71,3,1062.75,36,99,1
16216,168,1,914.93,37,0,1
16217,136,2,304.25,13,47,1
16218,15,6,2635.48,51,259,0
16221,176,2,315.37,29,92,0
16222,219,1,773.55,120,0,1
16224,42,3,865.88,63,108,0
16225,50,4,953.64,108,128,0
16226,104,3,255.12,6,32,1
16227,126,1,314.22,6,0,1
16229,113,1,358.20,12,0,0
16230,90,2,542.03,32,31,1
16232,44,3,725.04,23,72,0
16233,230,2,326.50,9,37,0
16235,87,3,665.29,34,146,0
16239,90,1,347.90,15,0,0
16241,15,8,1501.82,247,255,0
16242,66,3,846.59,60,112,0
16244,112,2,1522.75,88,161,1
16245,22,2,769.70,49,135,0
16247,71,1,114.56,16,0,1
16249,13,4,1440.77,48,127,0
16250,162,2,389.44,22,112,1
16253,156,1,1700.40,53,0,0
16255,32,6,1797.75,122,234,0
16256,167,1,752.43,13,0,1
16257,77,1,46.95,2,0,1
16258,28,4,3741.06,72,92,0
16261,14,2,409.99,66,133,0
16265,11,7,4062.02,132,254,0
16266,16,6,761.12,37,91,0
16270,254,1,1141.24,54,0,1
16271,27,3,868.43,51,232,0
16272,17,1,411.70,25,0,1
16274,274,1,351.75,64,0,1
16275,97,1,559.87,33,0,1
16276,77,1,810.60,6,0,1
16278,1,1,566.38,23,0,1
16279,77,1,359.08,16,0,0
16282,240,1,168.30,11,0,1
16283,21,3,586.35,59,88,0
16287,70,1,142.50,8,0,1
16292,22,1,302.25,17,0,1
16293,108,4,1129.74,58,160,0
16297,169,1,301.90,20,0,1
16298,87,1,114.30,7,0,0
16302,27,1,233.22,11,0,1
16303,16,2,4036.33,112,218,0
16305,39,1,361.22,22,0,1
16306,114,6,632.27,36,154,1
16308,8,3,1600.00,1,154,0
16309,7,2,706.57,39,134,1
16315,231,1,226.37,14,0,1
16316,58,7,2212.81,103,201,0
16317,20,3,1341.65,64,178,1
16319,118,1,404.40,3,0,1
16320,73,2,1038.46,56,41,1
16321,206,3,223.65,5,18,0
16323,97,1,207.50,1,0,1
16324,29,3,408.59,100,49,1
16325,56,2,416.02,11,90,0
16326,18,7,1215.52,74,217,0
16327,100,4,2469.64,119,170,0
16330,13,2,48.96,17,0,0
16332,31,3,651.77,43,175,0
16333,24,17,14369.20,8,186,0
16338,58,1,214.80,11,0,1
16339,185,1,94.05,17,0,1
16340,8,1,534.31,124,0,1
16341,102,1,797.65,29,0,0
16342,8,3,283.71,10,72,0
16344,59,1,101.10,1,0,1
16348,29,4,738.29,116,112,0
16349,191,1,53.50,9,0,1
16350,234,1,376.70,22,0,0
16351,233,1,153.90,8,0,1
16353,4,13,3325.91,45,266,0
16356,98,3,211.77,20,80,1
16357,63,2,257.95,9,51,0
16358,85,1,462.15,22,0,0
16359,77,6,1246.83,37,155,0
16364,38,1,346.30,28,0,0
16365,24,7,862.56,34,244,0
16367,263,1,167.09,33,0,0
16369,97,1,354.45,15,0,0
16370,18,3,944.49,133,108,0
16374,163,1,154.20,26,0,0
16377,168,1,676.20,5,0,1
16378,148,3,362.95,22,63,1
16383,169,1,309.46,48,0,0
16384,164,1,409.10,24,0,0
16385,59,2,273.82,36,208,0
16386,154,1,61.10,4,0,0
16387,223,1,94.36,4,0,1
16389,106,2,670.17,16,78,0
16392,170,1,217.89,41,0,1
16393,43,8,1503.33,94,227,0
16394,72,3,933.10,49,118,0
16395,69,3,964.30,87,162,0
16398,55,2,1705.80,75,99,1
16399,136,1,178.41,31,0,0
16401,32,7,2455.42,52,196,0
16402,165,2,293.45,55,105,1
16403,213,1,177.50,10,0,1
16405,203,2,167.25,3,8,1
16407,11,8,1482.37,76,202,0
16409,51,3,1033.37,106,167,0
16411,270,1,128.55,19,0,0
16414,181,1,50.80,3,0,0
16418,127,1,145.91,18,0,0
16419,13,6,958.71,36,199,1
16422,8,38,28566.72,68,262,0
16424,92,1,133.56,5,0,1
16425,203,1,302.70,21,0,1
16426,177,1,328.37,11,0,0
16427,164,2,241.06,8,21,1
16429,7,1,284.55,2,0,1
16431,114,3,623.28,51,84,1
16434,93,3,716.72,36,107,0
16440,115,1,272.46,35,0,0
16441,192,1,211.00,12,0,0
16442,128,2,432.43,99,133,1
16444,95,2,240.08,37,70,0
16446,106,1,2.90,2,0,1
16447,36,1,255.91,34,0,1
16448,99,1,182.99,19,0,1
16449,98,2,707.69,40,83,1
16450,50,1,311.92,11,0,1
16455,105,5,1133.78,44,167,0
16456,4,4,1700.58,77,270,0
16457,119,1,208.36,9,0,1
16458,7,11,2151.50,43,254,0
16461,78,1,142.92,31,0,1
16462,86,2,68.00,1,98,0
16463,105,1,319.37,19,0,0
16464,43,1,380.33,88,0,0
16466,4,5,999.63,68,189,0
16469,147,2,268.30,52,0,0
16470,16,3,539.13,83,243,0
16471,175,1,223.95,13,0,1
16473,65,3,316.11,18,172,1
16474,46,1,341.35,82,0,0
16475,44,3,459.30,22,130,0
16477,32,6,1999.26,96,240,0
16483,93,1,139.35,19,0,1
16484,74,2,404.30,25,17,1
16488,15,2,354.57,22,34,0
16493,74,3,782.29,25,156,0
16494,197,1,826.53,47,0,1
16495,177,2,246.51,32,0,1
16496,108,2,1185.04,71,109,1
16497,104,5,1550.70,82,130,0
16498,62,2,100.97,15,1,1
16499,261,2,365.45,18,4,1
16500,231,1,165.00,1,0,0
16503,7,4,1431.93,71,254,1
16509,197,1,363.70,13,0,1
16510,273,1,248.10,13,0,1
16511,45,2,565.70,83,122,0
16515,51,3,984.62,63,161,0
16517,178,1,162.70,17,0,1
16518,185,1,190.70,11,0,0
16519,266,1,103.70,5,0,0
16520,87,3,1046.57,129,179,1
16523,16,12,4768.25,81,200,0
16525,18,20,9998.55,67,249,0
16526,72,1,290.36,15,0,1
16529,91,1,455.25,30,0,1
16531,28,4,684.53,41,233,0
16532,36,2,4516.80,2,203,0
16536,11,1,548.12,49,0,1
16539,120,3,1053.61,34,154,1
16545,65,1,339.30,3,0,1
16546,191,2,787.15,25,82,1
16549,25,2,780.36,131,210,0
16550,9,5,2298.97,162,260,1
16551,31,2,617.17,19,206,0
16552,143,2,379.73,17,131,1
16553,64,12,5719.82,62,197,1
16554,123,2,314.11,21,109,0
16555,10,1,151.98,9,0,0
16556,6,6,2556.37,111,255,0
16557,38,1,101.15,6,0,0
16558,22,13,4362.40,158,245,0
16560,259,1,332.18,20,0,0
16565,265,1,173.70,3,0,1
16566,71,3,463.88,9,122,0
16567,95,2,865.60,34,142,1
16570,28,6,2134.07,52,184,0
16571,77,2,896.79,54,105,0
16572,28,3,1009.60,40,148,1
16573,191,1,292.63,16,0,0
16581,83,1,105.84,9,0,1
16582,14,1,313.62,6,0,1
16583,274,1,233.45,14,0,1
16584,155,1,611.94,14,0,0
16586,149,1,463.95,8,0,1
16587,133,1,225.15,13,0,1
16589,7,2,214.68,13,55,0
16592,37,10,2214.33,102,151,0
16593,90,2,255.50,20,138,0
16596,267,1,120.65,6,0,0
16598,186,1,145.05,10,0,1
16600,154,2,237.46,18,85,0
16607,29,10,2267.58,94,230,0
16609,36,5,2710.04,103,117,0
16610,120,1,75.66,6,0,1
16611,87,1,129.49,9,0,1
16612,20,3,870.30,42,192,0
16614,83,1,506.19,26,0,1
16616,58,1,210.10,11,0,0
16617,136,1,151.85,5,0,1
16618,111,4,1441.29,44,112,0
16619,164,1,226.21,14,0,1
16620,161,1,95.76,5,0,1
16621,48,3,609.41,17,130,0
16623,146,1,129.45,5,0,1
16624,98,1,426.43,21,0,0
16625,175,1,333.08,23,0,1
16626,14,7,2165.34,74,153,0
16628,7,4,1619.84,64,128,0
16633,15,3,1168.26,51,120,0
16634,123,2,217.90,9,150,1
16637,24,2,530.55,29,102,0
16638,7,8,1429.71,78,262,0
16639,107,2,471.15,19,29,0
16641,6,1,231.10,12,0,1
16642,108,1,307.73,15,0,1
16643,146,1,487.51,27,0,1
16644,78,2,833.78,62,35,1
16647,70,2,214.06,12,35,1
16652,10,5,4525.87,53,164,0
16654,42,4,601.27,29,227,1
16655,32,3,1867.19,125,200,0
16656,21,10,6257.00,13,244,0
16657,49,2,414.79,111,106,0
16658,269,1,123.24,8,0,1
16659,90,1,39.12,2,0,1
16660,111,2,384.36,5,109,0
16665,263,1,135.40,9,0,1
16667,185,1,200.40,20,0,0
16668,17,5,266.52,9,168,0
16670,7,8,3239.97,150,252,0
16671,65,1,1382.88,3,0,0
16672,13,16,6303.74,22,154,0
16676,114,3,1098.50,58,124,0
16678,20,7,1830.34,74,163,0
16679,267,1,129.75,3,0,1
16681,45,4,1332.68,15,109,0
16682,59,2,626.30,15,29,0
16684,34,18,33883.50,88,225,0
16686,4,5,1998.65,281,252,0
16690,102,1,86.50,5,0,0
16692,157,2,1276.00,2,33,1
16693,172,1,153.41,21,0,0
16696,36,4,657.90,7,113,1
16697,142,1,112.75,20,0,1
16698,127,2,1998.00,4,27,1
16700,22,10,4095.95,142,245,0
16701,30,10,4050.42,80,232,0
16705,45,9,8194.43,81,214,0
16706,15,1,291.53,70,0,0
16709,100,4,1984.59,42,82,0
16710,39,7,1835.08,215,230,0
16711,41,3,909.87,9,217,0
16712,9,7,2010.91,147,168,0
16713,16,11,3970.77,237,251,0
16714,119,3,1129.06,77,99,1
16716,167,2,901.20,1,45,1
16717,63,3,1136.16,61,204,0
16718,270,1,606.05,41,0,1
16719,49,5,1283.88,85,220,0
16721,163,1,292.47,37,0,1
16722,7,9,3234.50,79,262,0
16723,8,1,411.40,36,0,0
16725,203,7,758.27,110,69,1
16726,97,4,777.16,71,165,0
16727,265,1,256.32,41,0,1
16728,67,3,548.31,113,98,0
16729,15,16,4996.29,135,127,0
16730,135,2,480.94,35,85,0
16734,15,2,302.41,27,0,0
16735,140,2,1044.77,47,95,0
16738,198,1,3.75,1,0,1
16739,77,1,323.00,13,0,1
16743,14,6,1860.90,82,245,0
16744,46,2,240.74,47,28,0
16745,20,15,5897.33,136,192,0
16746,1,12,4403.53,174,258,0
16748,118,3,910.20,27,117,0
16750,22,3,416.12,44,111,0
16752,273,1,207.50,9,0,1
16754,273,1,2002.40,2,0,1
16755,15,3,1475.43,133,201,1
16756,115,1,239.40,13,0,1
16757,219,1,106.83,7,0,1
16762,45,1,314.15,13,0,0
16763,99,1,611.85,23,0,1
16764,27,3,522.06,102,17,0
16765,195,1,34.00,1,0,1
16766,174,2,1145.60,17,0,1
16767,14,6,4229.32,126,203,0
16768,4,2,286.49,40,168,0
16769,161,1,361.54,33,0,1
16770,137,4,649.38,82,136,0
16771,176,3,1651.75,154,63,0
16774,17,3,542.20,20,62,0
16775,23,8,1174.55,65,245,0
16777,158,1,173.52,35,0,0
16778,175,1,93.18,5,0,0
16779,7,15,6376.73,130,260,0
16780,1,2,422.24,51,159,1
16781,273,1,311.25,17,0,1
16782,39,9,1630.40,89,227,0
16788,24,2,594.39,138,131,1
16791,23,5,791.87,111,210,0
16792,183,2,110.38,11,0,1
16794,9,4,607.05,100,72,0
16795,266,1,414.88,64,0,1
16801,64,4,1594.23,72,110,1
16804,171,1,118.05,19,0,0
16805,74,2,460.59,94,187,1
16806,4,4,762.16,68,136,1
16807,43,3,1121.59,57,128,1
16808,175,1,166.50,19,0,0
16809,37,3,470.69,61,126,0
16810,93,1,309.54,15,0,1
16812,261,1,479.35,15,0,1
16813,14,6,1029.36,187,91,0
16814,9,16,5131.69,110,261,0
16816,4,4,417.06,28,255,1
16817,86,7,1179.43,52,183,0
16818,7,8,2102.40,110,99,0
16823,128,1,358.38,34,0,1
16824,65,1,222.90,13,0,0
16825,86,1,318.70,11,0,0
16828,13,1,113.50,7,0,0
16829,57,1,197.22,11,0,1
16832,85,3,199.15,11,33,1
16833,160,3,671.29,32,75,1
16834,128,1,413.46,24,0,1
16835,29,2,180.85,10,245,1
16836,17,1,91.32,2,0,0
16837,58,9,1911.74,77,88,0
16838,98,2,588.85,24,91,1
16839,10,22,10869.28,97,260,0
16841,38,5,1561.06,89,150,0
16842,1,3,1264.19,45,202,1
16843,35,11,7371.60,170,193,0
16849,87,1,124.57,8,0,1
16850,234,1,332.41,19,0,1
16852,77,1,113.06,7,0,0
16858,269,1,375.69,9,0,1
16859,45,2,747.81,50,117,1
16861,59,1,70.80,2,0,0
16863,267,1,164.25,9,0,0
16866,41,3,207.74,10,21,1
16869,66,2,387.68,56,10,0
16871,111,4,2037.82,104,60,0
16872,6,2,464.68,3,79,0
16873,28,4,3871.47,97,237,0
16875,45,4,1138.20,53,195,0
16877,53,2,188.98,46,56,0
16880,27,5,841.01,82,63,0
16882,140,2,215.70,15,78,0
16883,88,2,272.48,33,184,1
16885,258,1,177.95,27,0,0
16889,95,3,1578.67,112,142,1
16891,42,2,393.57,93,230,0
16892,84,1,102.98,20,0,0
16893,267,1,145.93,44,0,1
16897,200,2,289.78,37,14,1
16898,78,2,313.77,99,191,0
16899,50,3,510.18,58,211,0
16902,17,1,1706.88,43,0,1
16904,9,13,2933.55,334,259,0
16905,137,3,822.18,44,135,0
16906,87,3,392.99,33,62,0
16907,49,4,658.99,74,217,0
16912,35,7,1538.58,50,189,0
16913,191,1,113.44,8,0,1
16915,28,4,382.39,29,156,0
16916,273,1,196.43,48,0,0
16917,177,1,391.52,9,0,1
16918,60,2,523.03,49,158,0
16919,57,11,2592.25,141,212,1
16923,53,13,4242.42,202,210,0
16926,272,1,230.25,14,0,1
16927,16,3,543.05,5,246,1
16928,2,14,2171.35,66,272,0
16929,28,2,428.88,23,28,0
16931,4,14,2897.33,345,266,0
16933,140,1,224.73,19,0,1
16938,80,3,2386.05,205,129,1
16940,70,2,1868.36,162,120,0
16942,37,7,1439.44,115,91,0
16943,112,3,816.73,23,107,1
16945,14,12,2705.21,95,245,0
16947,136,1,406.48,21,0,1
16948,39,3,435.02,15,187,1
16949,86,4,893.75,32,131,0
16950,25,2,778.41,26,243,0
16951,35,3,1277.75,73,170,1
16952,10,2,167.61,16,0,1
16954,25,4,1245.38,34,235,0
16955,85,4,518.67,18,189,1
16957,140,2,416.64,15,42,1
16960,153,1,201.53,45,0,0
16961,17,1,234.17,14,0,1
16963,88,1,110.55,7,0,1
16965,127,1,201.19,26,0,1
16966,71,4,1486.56,8,70,0
16967,90,1,319.02,21,0,1
16968,8,1,253.31,15,0,1
16969,35,2,478.96,32,57,0
16976,168,1,251.52,2,0,1
16979,48,2,555.65,19,150,0
16980,156,2,1028.46,71,36,1
16983,81,4,885.22,54,189,0
16984,31,1,3213.19,262,0,0
16985,58,7,3578.54,50,201,0
16987,71,3,629.45,29,35,0
16989,51,1,857.70,7,0,0
16990,119,1,179.00,1,0,1
16992,100,2,671.15,41,85,0
16996,22,5,1041.78,11,232,0
16997,189,3,702.00,7,37,1
16998,50,4,295.00,1,155,1
17001,14,7,2471.09,59,245,0
17002,116,2,993.52,24,75,0
17007,56,5,575.44,33,202,0
17015,86,1,520.55,116,0,0
17017,63,14,5431.28,81,210,0
17018,226,1,405.00,6,0,0
17019,162,3,995.93,114,107,0
17024,58,1,31.25,1,0,0
17025,274,2,160.97,5,0,0
17026,86,2,154.83,4,184,1
17027,80,4,645.23,95,138,0
17029,11,2,716.00,1,126,1
17031,55,1,225.95,13,0,0
17033,115,2,608.10,12,145,0
17034,188,1,141.80,6,0,0
17035,146,2,433.53,27,66,1
17040,38,1,449.73,15,0,1
17041,9,2,750.89,45,252,0
17042,22,4,915.02,69,126,1
17043,79,2,324.97,27,88,0
17045,14,3,339.44,20,134,1
17046,58,1,642.02,22,0,1
17047,106,2,749.43,40,0,0
17048,18,3,925.35,41,214,1
17049,18,5,2606.65,105,158,0
17050,88,5,2617.39,164,112,0
17051,95,1,240.89,40,0,1
17053,31,1,498.48,13,0,1
17054,38,4,1207.32,58,108,0
17058,100,2,819.66,42,40,0
17059,11,4,2237.10,232,259,0
17060,167,1,234.24,5,0,1
17061,11,10,4658.83,48,122,0
17062,214,4,533.33,52,56,1
17063,64,4,671.87,35,126,0
17064,83,2,457.40,36,145,0
17068,11,15,3281.49,89,258,0
17069,56,5,1495.79,68,218,0
17070,15,1,304.24,62,0,1
17071,35,6,1402.42,65,175,0
17073,10,1,453.79,56,0,0
17075,154,3,696.07,49,64,0
17076,174,2,334.20,11,91,0
17080,170,1,76.32,1,0,0
17082,219,1,636.94,24,0,0
17083,10,3,1405.78,24,194,1
17085,24,5,1562.40,115,239,1
17088,83,2,1399.11,72,71,0
17090,128,3,649.05,13,127,0
17091,86,5,1994.41,94,182,0
17092,27,2,629.32,42,151,0
17094,223,1,302.00,14,0,1
17095,200,2,543.96,33,35,0
17096,44,2,443.94,22,118,0
17097,1,6,639.53,103,265,0
17101,79,1,230.58,17,0,0
17102,162,1,25.50,1,0,1
17105,60,2,665.78,80,147,1
17107,56,3,6332.61,179,123,0
17109,133,2,464.59,52,0,0
17110,66,1,163.30,12,0,1
17114,39,6,601.94,66,196,0
17115,83,2,612.82,28,51,1
17117,189,1,116.20,9,0,1
17118,218,1,157.02,10,0,1
17120,134,1,307.46,18,0,1
17122,20,1,138.32,7,0,1
17123,62,1,345.30,9,0,1
17124,86,1,294.24,31,0,1
17126,53,5,989.45,187,210,1
17128,235,1,157.09,14,0,1
17133,91,3,2478.79,9,76,0
17134,7,2,413.20,21,158,1
17135,190,2,500.55,19,82,0
17138,176,1,380.50,24,0,1
17139,23,7,6851.82,208,166,0
17140,148,1,454.12,16,0,1
17142,140,1,579.00,15,0,1
17146,6,3,749.78,33,253,1
17147,107,2,973.11,42,105,0
17152,95,3,1689.50,9,69,1
17155,78,1,143.30,9,0,0
17157,77,1,161.46,8,0,1
17158,133,2,698.55,36,128,0
17159,72,1,528.45,30,0,0
17160,10,5,3001.18,85,132,0
17162,32,9,1463.66,75,174,0
17164,52,3,1270.42,53,122,0
17165,185,1,158.68,10,0,1
17166,104,1,127.59,10,0,0
17169,84,1,308.68,18,0,0
17171,190,1,224.91,16,0,1
17173,17,2,961.26,13,15,0
17174,118,1,59.90,4,0,1
17175,42,3,1132.63,42,155,0
17176,102,1,306.13,15,0,1
17179,79,3,711.79,56,183,1
17180,142,3,552.80,77,75,0
17181,274,1,155.52,2,0,0
17183,6,1,329.67,9,0,0
17187,127,1,203.95,10,0,1
17188,65,5,1815.09,51,198,0
17189,7,2,383.75,52,253,1
17190,108,1,195.00,1,0,0
17191,92,5,1175.70,111,177,0
17193,77,2,448.56,4,0,0
17194,174,2,262.62,26,87,1
17198,266,2,521.66,73,6,0
17204,76,4,1564.56,44,88,1
17211,81,6,1464.89,106,189,0
17212,154,1,226.85,4,0,1
17213,42,5,1780.01,67,225,0
17214,150,4,611.97,56,110,0
17217,135,1,113.50,9,0,1
17218,115,5,943.58,85,154,0
17220,27,8,2165.50,226,238,0
17223,211,2,416.89,43,58,1
17226,209,1,393.49,21,0,1
17227,73,3,473.75,17,196,0
17228,108,4,687.58,69,165,0
17229,43,1,157.71,32,0,0
17230,165,8,3638.41,51,95,1
17231,27,7,1905.82,209,235,0
17234,83,1,149.89,14,0,1
17235,273,1,341.90,10,0,0
17236,80,5,697.73,62,183,0
17238,37,11,1943.57,212,235,0
17239,213,1,382.50,15,0,1
17242,9,2,1135.04,30,72,1
17243,14,15,3909.27,118,256,0
17245,105,1,171.45,9,0,1
17248,21,1,318.65,68,0,1
17250,162,1,162.65,23,0,1
17251,263,1,269.83,37,0,1
17252,17,2,348.91,86,70,1
17255,200,1,108.26,36,0,0
17256,8,2,240.00,12,205,1
17259,49,2,581.23,104,220,1
17262,128,4,955.36,7,139,0
17263,109,1,63.44,23,0,1
17265,39,2,550.01,106,42,1
17266,48,1,113.06,17,0,1
17267,28,2,317.20,37,0,1
17268,8,4,763.64,3,138,1
17272,100,2,1409.44,59,63,0
17277,128,2,1065.35,67,95,1
17278,142,1,246.04,15,0,1
17282,31,3,1685.46,79,169,1
17284,21,5,1489.04,219,216,0
17287,44,5,702.41,61,229,0
17288,108,5,663.70,13,151,0
17289,81,1,164.45,30,0,0
17291,209,1,550.80,1,0,1
17293,20,5,867.03,45,242,0
17298,2,2,498.42,30,23,1
17299,1,2,268.19,24,73,0
17302,23,3,661.61,48,183,0
17303,262,1,250.04,53,0,1
17306,29,14,6123.32,9,225,0
17311,217,1,556.46,24,0,0
17312,39,3,644.30,11,21,1
17314,49,5,1506.92,57,164,0
17315,1,30,4368.09,233,257,0
17320,1,3,1200.62,57,268,1
17323,25,4,530.95,98,168,0
17324,232,2,702.23,17,35,0
17325,181,1,96.80,6,0,1
17329,216,1,243.36,16,0,0
17331,24,1,175.20,1,0,1
17334,203,2,307.02,11,6,1
17337,52,4,1981.06,421,159,1
17338,15,7,5163.92,320,247,0
17339,266,1,60.00,4,0,0
17340,21,7,7593.65,157,246,0
17341,57,3,682.29,147,210,1
17343,256,1,193.64,17,0,1
17345,97,2,125.38,19,0,0
17346,4,8,1228.78,170,270,0
17348,198,1,160.15,36,0,0
17349,80,1,98.25,8,0,1
17351,70,2,427.30,17,104,0
17353,30,2,1740.00,5,25,1
17356,212,1,178.22,19,0,1
17358,204,2,360.81,55,52,1
17360,85,1,320.90,53,0,0
17361,87,2,263.92,16,105,0
17362,140,2,312.23,30,70,1
17364,38,6,2617.41,153,194,0
17365,70,5,2336.81,172,163,0
17367,139,1,167.55,33,0,1
17368,74,5,1584.27,53,164,0
17370,70,1,110.70,8,0,0
17371,262,1,92.14,7,0,0
17372,67,6,1055.63,177,196,0
17373,35,2,287.30,26,178,0
17374,119,2,495.77,24,63,1
17375,100,3,400.10,63,162,1
17376,212,1,105.85,13,0,0
17377,27,9,2040.34,91,247,0
17381,20,23,16875.65,40,253,0
17384,120,1,227.65,3,0,0
17386,14,3,1541.40,6,52,0
17388,32,3,953.03,12,156,0
17389,22,24,8912.78,37,210,0
17391,64,2,508.80,2,1,1
17392,207,2,417.27,53,52,1
17394,120,1,203.87,4,0,1
17396,49,6,4801.80,18,223,0
17398,15,3,653.38,30,141,1
17400,27,5,2097.84,175,227,1
17402,2,8,1732.45,29,268,0
17404,24,10,21004.30,93,237,0
17405,51,1,393.31,41,0,0
17406,234,3,2184.42,99,33,1
17408,64,1,32.65,2,0,1
17409,85,2,771.85,13,64,1
17410,116,1,302.40,15,0,0
17411,162,1,285.58,16,0,0
17412,97,4,709.82,30,176,0
17414,85,1,598.00,5,0,0
17416,10,5,5294.49,153,172,0
17418,224,1,167.39,12,0,0
17419,44,8,2660.00,107,224,0
17420,72,2,391.51,19,202,0
17422,43,4,1296.18,77,154,0
17423,118,1,449.42,11,0,0
17426,76,3,3279.23,137,107,0
17428,11,20,10661.09,205,258,0
17429,29,3,524.92,36,90,1
17430,266,1,112.60,5,0,0
17431,214,1,403.30,41,0,1
17436,127,1,122.40,4,0,1
17438,154,1,388.45,17,0,1
17440,57,3,186.42,3,91,1
17442,22,4,1590.45,77,169,0
17443,120,1,534.24,1,0,1
17444,48,3,2940.04,132,25,1
17446,77,2,120.90,6,134,1
17449,135,3,1322.69,118,125,0
17450,9,22,85610.34,107,259,0
17451,6,1,346.01,23,0,0
17454,93,4,517.53,57,167,1
17455,104,1,131.70,8,0,1
17456,266,1,249.86,17,0,1
17457,27,5,1737.70,14,213,1
17460,126,5,462.58,14,148,0
17462,185,1,463.41,14,0,0
17463,77,3,1227.59,103,137,0
17464,59,1,289.96,9,0,1
17469,9,3,1050.27,44,96,0
17470,28,4,816.47,54,240,0
17472,92,3,697.54,142,108,1
17483,35,2,274.74,13,49,0
17486,162,1,396.87,24,0,1
17489,113,1,208.56,16,0,0
17490,77,1,305.20,18,0,0
17491,34,5,1660.31,50,234,0
17492,149,1,374.57,12,0,1
17496,259,1,271.05,10,0,1
17499,190,1,622.88,40,0,1
17501,121,2,288.60,18,0,1
17504,107,9,2997.03,112,116,1
17505,62,2,1145.84,48,44,1
17507,162,2,605.58,79,48,1
17508,181,1,387.31,22,0,1
17511,15,20,56175.47,339,259,0
17512,22,8,1891.90,40,180,0
17514,29,1,208.65,40,0,1
17515,107,3,571.37,47,112,0
17516,20,4,605.65,95,166,0
17517,209,1,153.94,11,0,1
17519,34,5,1488.00,50,235,0
17521,100,1,159.56,8,0,0
17522,39,4,912.25,54,80,1
17524,262,1,145.00,6,0,1
17525,260,1,422.70,9,0,1
17526,191,3,872.80,9,75,1
17527,10,2,606.62,25,109,0
17530,107,6,1365.26,216,159,0
17531,91,1,296.70,14,0,1
17535,181,1,164.40,13,0,1
17536,78,1,76.50,3,0,1
17537,204,1,620.75,60,0,0
17540,217,1,268.80,8,0,0
17542,170,1,170.75,24,0,1
17548,134,1,103.30,5,0,1
17550,98,3,267.16,42,46,1
17551,260,1,290.34,39,0,1
17552,273,2,298.52,13,0,0
17553,30,1,1487.60,2,0,1
17554,23,2,1249.89,51,26,0
17555,235,1,195.45,48,0,0
17556,106,1,157.90,6,0,1
17560,56,3,705.83,20,155,0
17562,10,4,661.10,35,64,0
17567,50,5,2335.05,77,223,0
17569,233,1,344.14,29,0,1
17571,46,3,559.55,72,153,0
17572,139,2,152.20,7,135,0
17574,143,1,185.65,8,0,1
17576,7,13,2140.70,158,259,0
17578,119,1,143.46,5,0,1
17579,38,2,270.86,15,42,1
17580,153,3,215.72,43,106,1
17581,10,17,6522.29,181,263,0
17582,137,1,175.27,28,0,1
17584,28,1,749.45,16,0,1
17585,10,4,1116.68,176,229,1
17588,1,3,1240.20,19,132,1
17589,52,3,1843.07,124,89,0
17591,23,6,1840.87,81,245,0
17593,45,3,2260.04,119,208,0
17594,155,1,315.00,14,0,0
17596,37,4,1737.08,112,232,0
17597,114,1,2044.37,55,0,1
17601,140,1,116.01,9,0,1
17602,25,2,909.55,108,200,0
17604,118,2,309.36,57,95,1
17609,203,2,531.25,103,25,0
17611,24,9,2701.15,389,238,0
17612,13,4,1338.87,79,185,0
17613,18,9,2976.69,173,188,0
17615,31,3,329.60,13,92,1
17616,74,3,571.20,1,194,1
17618,149,2,625.48,48,114,1
17619,213,1,214.37,71,0,1
17621,213,2,901.78,15,42,0
17624,119,1,400.30,25,0,0
17625,41,2,1227.13,161,117,0
17629,21,5,798.38,66,239,0
17630,70,2,503.60,24,63,1
17631,38,2,416.50,29,95,1
17633,4,2,648.61,30,17,0
17634,23,6,1917.28,146,215,0
17637,16,1,338.95,24,0,0
17639,177,1,108.50,7,0,1
17642,20,2,712.29,34,57,1
17643,274,1,101.55,8,0,1
17644,21,7,1625.63,64,140,0
17646,120,3,1008.39,46,146,1
17648,93,3,1107.39,62,57,0
17649,39,1,868.49,52,0,1
17651,56,4,1148.01,52,22,0
17652,45,6,2713.57,101,137,0
17653,21,1,163.24,4,0,0
17654,178,1,117.55,22,0,1
17655,17,5,1903.33,54,250,0
17656,7,3,927.65,35,22,0
17658,112,1,317.60,9,0,0
17659,1,9,1653.03,68,272,0
17660,42,1,178.75,37,0,1
17663,55,4,1016.53,33,133,0
17664,113,1,326.19,23,0,0
17667,62,4,1751.01,81,137,0
17669,23,5,2433.22,38,127,0
17670,128,1,205.70,11,0,1
17671,58,3,1098.55,38,208,0
17672,210,1,1177.84,41,0,0
17673,63,4,1175.62,110,158,0
17674,269,1,300.66,11,0,0
17675,2,23,14074.19,179,266,0
17676,10,4,730.84,31,257,0
17677,1,20,11666.50,125,268,0
17678,164,1,298.11,16,0,1
17682,16,5,1899.35,39,253,0
17685,167,5,1512.72,39,106,0
17686,21,5,4589.35,174,182,0
17690,2,11,3495.53,144,272,0
17691,259,2,290.40,18,10,1
17692,28,4,740.94,34,232,1
17693,38,1,200.47,16,0,1
17694,42,1,283.12,15,0,1
17695,32,2,765.34,30,40,1
17696,9,7,1915.59,71,256,0
17697,137,1,338.95,19,0,1
17698,161,1,154.95,8,0,1
17700,114,2,1125.57,57,68,0
17701,153,1,417.95,24,0,1
17702,9,3,1338.77,46,98,0
17703,10,2,490.96,32,29,0
17704,69,2,885.19,27,71,1
17705,7,6,968.00,42,195,0
17706,1,12,8027.50,246,266,0
17707,86,2,152.40,3,151,1
17708,88,2,263.33,28,137,1
17709,70,1,137.45,7,0,1
17711,190,1,220.53,13,0,0
17714,221,1,153.00,10,0,1
17715,101,1,326.40,1,0,1
17716,24,4,3436.76,125,144,0
17718,133,1,139.35,6,0,1
17719,7,12,4477.40,100,149,0
17720,14,3,887.60,32,254,0
17722,90,3,2100.88,93,177,0
17723,28,6,3276.40,4,87,1
17724,39,1,373.10,11,0,0
17725,1,8,2507.12,94,167,0
17730,7,8,3055.77,86,220,0
17731,29,3,963.74,38,55,0
17732,273,1,303.97,18,0,1
17733,162,1,216.95,12,0,0
17734,37,2,540.21,31,97,0
17735,9,15,10219.99,267,259,0
17736,14,1,307.49,23,0,0
17738,49,3,1571.49,72,134,0
17739,97,3,1070.77,16,164,0
17742,14,2,355.11,13,219,1
17744,151,4,1288.96,50,108,0
17746,141,1,110.25,6,0,1
17747,13,1,71.40,1,0,1
17749,79,2,674.52,33,78,1
17750,14,4,1012.76,87,51,0
17752,260,1,80.64,1,0,1
17754,43,2,575.06,38,118,0
17757,15,20,3308.55,190,258,0
17758,53,4,1433.25,172,98,0
17759,70,2,167.15,18,0,0
17760,274,1,172.54,9,0,0
17763,164,1,15.00,1,0,1
17764,112,1,230.67,17,0,0
17765,59,3,367.63,51,98,1
17768,67,1,385.83,22,0,0
17769,39,4,1817.88,129,182,0
17770,99,5,1143.27,33,84,1
17771,224,1,115.80,22,0,0
17774,46,3,978.19,105,160,0
17775,155,1,56.40,3,0,1
17777,1,1,189.80,63,0,0
17779,44,1,323.09,34,0,0
17781,60,2,188.02,12,94,1
17783,148,1,112.41,30,0,0
17786,218,1,103.35,24,0,0
17787,53,4,1817.54,94,219,1
17788,30,1,16.70,3,0,0
17789,182,1,225.90,14,0,1
17790,21,12,1363.51,79,244,0
17795,80,2,342.83,43,85,1
17796,214,3,614.10,60,56,0
17797,83,1,272.41,44,0,0
17799,64,8,2128.33,222,198,0
17800,18,6,765.30,36,217,0
17802,81,2,632.42,66,192,0
17809,30,8,2856.71,33,244,0
17811,13,23,4651.41,239,221,0
17812,269,1,193.30,27,0,0
17816,170,2,21.31,11,96,0
17817,178,2,269.70,12,0,1
17819,83,6,3468.47,36,189,0
17827,143,4,1580.47,140,122,1
17828,10,3,1076.66,51,75,0
17829,199,1,889.24,30,0,1
17830,162,2,287.65,15,27,1
17837,49,3,376.51,23,15,0
17838,193,3,1655.00,64,80,0
17841,4,78,22216.40,1028,270,0
17843,204,1,205.48,36,0,1
17844,7,1,51.56,5,0,1
17848,29,8,821.60,41,230,0
17849,119,4,605.80,14,115,1
17850,273,34,5391.21,21,1,1
17854,86,2,311.26,15,42,1
17855,273,1,208.97,17,0,1
17856,134,3,1142.63,6,48,1
17857,10,13,13692.92,11,256,0
17858,17,9,3641.25,65,253,0
17859,205,1,141.92,23,0,1
17860,269,1,226.45,49,0,1
17861,37,5,1299.49,114,183,0
17862,224,1,330.90,11,0,1
17863,46,4,1785.28,60,224,0
17864,176,1,200.85,29,0,0
17865,8,12,7017.34,145,257,0
17866,43,1,329.65,9,0,1
17867,44,4,957.48,8,145,0
17869,8,5,428.18,37,261,1
17870,24,6,601.57,59,243,0
17871,105,1,155.90,10,0,1
17873,85,4,1576.92,23,189,0
17874,86,6,683.46,37,70,1
17877,71,1,237.61,12,0,1
17879,74,1,178.52,6,0,1
17880,265,1,458.92,26,0,1
17881,205,1,133.35,8,0,1
17883,147,1,119.35,19,0,0
17884,212,3,590.54,86,60,1
17886,111,2,377.71,44,39,0
17887,30,1,111.35,10,0,1
17888,62,4,297.00,32,196,0
17889,113,2,201.37,20,110,1
17890,223,2,586.89,88,39,1
17891,63,1,203.86,34,0,1
17892,56,1,142.10,26,0,0
17893,126,1,107.21,15,0,1
17894,186,6,867.00,95,81,0
17897,73,3,541.81,100,201,1
17898,108,1,99.84,20,0,0
17899,60,1,154.55,29,0,1
17900,91,2,112.20,4,0,1
17905,57,3,617.74,32,217,0
17906,148,1,72.90,12,0,1
17908,274,1,232.03,51,0,1
17912,211,5,310.06,35,54,1
17913,256,1,218.05,31,0,0
17917,157,2,226.71,57,106,0
17920,6,9,2328.80,229,268,0
17921,49,3,595.47,82,118,0
17923,183,1,207.50,1,0,1
17924,202,2,502.20,2,72,0
17925,273,1,244.08,1,0,1
17926,34,2,397.29,17,70,1
17928,147,1,78.26,17,0,0
17929,13,3,707.00,4,196,0
17930,63,2,694.14,19,77,0
17931,35,2,408.36,63,121,1
17932,74,2,934.51,63,38,0
17935,39,2,145.79,28,3,1
17937,15,5,3614.52,19,248,0
17939,60,1,99.14,12,0,1
17940,9,9,3828.04,6,194,0
17941,31,1,304.56,2,0,1
17946,134,2,149.58,18,26,1
17948,48,1,358.56,1,0,1
17949,1,29,45325.60,23,271,0
17950,266,2,263.17,36,0,0
17951,259,2,409.50,9,15,0
17954,24,10,1885.21,269,248,0
17955,99,4,557.30,14,21,1
17956,150,1,12.75,1,0,1
17958,17,1,508.46,7,0,1
17960,72,1,73.78,26,0,1
17961,24,31,1179.62,195,249,0
17962,43,1,102.41,33,0,1
17964,273,1,261.76,35,0,0
17965,35,10,1887.73,192,235,0
17966,52,4,594.43,52,110,0
17967,272,1,112.27,41,0,1
17968,274,1,265.10,74,0,1
17969,67,2,228.20,14,195,1
17970,112,1,562.79,27,0,1
17972,142,1,135.19,30,0,1
17974,120,1,164.07,18,0,0
17975,15,11,3950.45,170,252,0
17976,273,1,321.79,56,0,1
17978,266,1,300.92,12,0,1
17979,69,3,494.54,84,91,0
17980,66,3,811.45,23,194,1
17984,46,1,152.68,48,0,1
17987,86,1,198.57,13,0,1
17988,18,5,146.00,25,209,0
17990,137,3,630.84,27,125,1
17991,126,2,93.35,4,1,1
17994,22,4,674.89,63,169,1
17995,182,1,76.10,2,0,1
17997,34,4,1268.51,70,31,0
17999,267,1,190.34,37,0,0
18004,263,1,157.92,32,0,1
18008,104,7,2065.41,22,115,0
18009,136,1,247.39,31,0,1
18010,157,1,174.80,14,0,1
18011,274,1,102.79,28,0,1
18013,56,2,187.29,31,0,1
18016,87,3,482.86,49,178,0
18017,70,2,344.00,1,141,0
18018,9,2,122.14,29,91,1
18024,53,2,389.78,21,0,1
18032,235,1,73.50,5,0,1
18036,6,2,253.69,54,140,0
18037,55,6,70.02,19,208,1
18040,146,1,239.00,12,0,0
18041,4,16,2998.11,227,269,0
18043,107,2,421.59,87,160,0
18044,67,7,1105.53,63,194,0
18048,104,2,172.29,6,0,1
18050,260,1,74.40,5,0,1
18055,29,7,3672.86,122,241,0
18056,189,1,363.65,19,0,1
18061,8,8,1793.51,18,259,0
18062,74,3,720.52,23,164,1
18064,34,2,814.00,7,102,1
18065,84,8,1412.15,71,181,0
18068,190,1,101.70,1,0,1
18069,81,3,978.32,199,147,0
18071,158,2,453.00,23,108,1
18072,86,1,247.44,18,0,1
18073,15,12,3859.82,23,83,1
18074,274,1,489.60,13,0,1
18075,7,8,1957.75,74,254,0
18077,4,7,1622.34,82,263,0
18078,118,2,336.13,27,42,1
18079,27,2,2206.18,59,112,0
18080,143,1,841.50,1,0,0
18081,13,2,208.05,7,21,0
18085,231,2,689.95,25,43,1
18086,175,1,101.34,7,0,1
18087,191,1,3202.92,1,0,0
18092,20,8,5851.48,21,246,0
18093,21,3,2016.88,30,182,0
18094,37,5,2402.30,35,155,0
18095,213,2,580.05,20,20,1
18097,27,5,1986.20,56,228,1
18099,28,1,168.31,19,0,1
18101,44,1,110.23,13,0,0
18102,27,26,130537.23,54,241,0
18106,230,1,421.90,33,0,1
18108,155,1,271.00,17,0,1
18109,11,17,4433.02,103,259,0
18112,67,1,196.64,12,0,0
18113,269,1,76.32,1,0,1
18114,191,1,220.10,28,0,1
18116,135,7,1239.55,220,130,0
18118,48,18,4064.06,355,222,0
18119,268,1,180.70,29,0,1
18120,115,1,111.15,17,0,1
18121,50,2,653.30,28,5,1
18122,51,1,119.19,23,0,0
18125,102,3,933.90,146,115,0
18127,34,1,139.60,8,0,0
18129,144,1,112.55,13,0,1
18133,113,1,931.50,1,0,1
18135,91,1,109.82,9,0,0
18136,112,2,600.85,30,108,0
18138,196,1,152.65,8,0,1
18142,58,2,1019.52,9,58,1
18143,17,2,1000.16,59,25,1
18144,10,9,2165.55,24,264,0
18145,105,2,1023.78,60,108,0
18146,41,2,160.35,10,80,1
18147,9,1,98.88,4,0,0
18149,116,2,549.68,9,58,0
18150,41,2,413.28,22,61,0
18151,35,2,653.35,38,155,1
18155,71,2,266.56,14,121,0
18156,270,1,186.88,50,0,0
18159,202,1,530.15,23,0,1
18160,101,1,318.55,19,0,0
18161,41,3,771.26,24,179,0
18165,78,1,302.46,10,0,1
18167,6,1,498.48,13,0,0
18168,77,6,1160.04,97,196,1
18170,13,2,655.51,27,105,0
18171,63,3,684.42,33,171,0
18172,28,10,5329.32,94,162,0
18173,100,3,1728.84,20,75,0
18176,259,1,476.35,30,0,1
18177,58,5,1037.27,43,98,0
18178,29,4,1590.81,80,236,1
18179,153,4,1103.16,54,84,0
18180,37,2,601.85,42,6,0
18183,128,2,632.07,36,47,1
18185,150,1,304.25,17,0,1
18188,191,1,426.60,16,0,0
18189,168,1,633.10,40,0,0
18190,93,2,284.46,14,138,1
18191,162,1,207.80,7,0,1
18193,66,1,243.76,16,0,1
18196,191,1,450.78,78,0,0
18198,1,14,4427.39,64,236,0
18200,7,1,150.35,29,0,1
18202,100,3,1396.99,55,112,1
18203,58,1,160.42,19,0,1
18204,10,2,1358.87,113,83,0
18210,168,1,142.40,5,0,0
18211,37,2,268.70,15,142,0
18212,227,1,216.07,30,0,1
18213,137,1,232.48,15,0,1
18218,112,2,641.92,17,70,1
18219,50,8,1367.13,49,219,0
18220,127,1,305.28,2,0,1
18221,16,3,706.86,40,96,0
18223,44,10,3604.61,83,215,0
18224,164,1,158.95,10,0,1
18225,14,7,2730.78,99,252,0
18226,21,9,4251.03,107,217,0
18227,118,1,93.75,5,0,1
18229,11,13,4864.06,58,263,0
18230,74,4,1643.28,32,129,0
18231,93,5,2071.77,106,96,1
18232,58,3,500.62,29,40,0
18233,226,1,440.00,1,0,1
18235,21,2,749.80,49,97,0
18236,30,4,641.19,31,111,0
18237,20,2,566.59,31,15,0
18239,119,5,1561.61,80,154,1
18241,7,10,1205.78,44,111,0
18242,97,2,694.08,26,17,0
18245,50,6,1672.81,103,206,1
18246,134,1,232.90,2,0,0
18248,23,2,804.02,39,64,1
18250,211,1,349.27,21,0,1
18252,72,1,69.90,3,0,0
18257,15,5,1562.87,66,182,0
18259,267,1,376.30,7,0,0
18260,73,6,2628.35,86,186,1
18262,41,1,149.48,13,0,1
18263,56,2,811.40,45,97,0
18265,59,1,488.55,29,0,0
18268,35,1,25.50,1,0,1
18269,267,1,168.60,7,0,1
18270,167,1,111.95,5,0,0
18272,14,4,2106.45,76,133,0
18273,158,1,51.00,1,0,0
18280,178,1,180.60,10,0,1
18281,81,1,80.82,7,0,1
18282,27,1,100.21,7,0,1
18283,49,9,951.93,183,189,0
18287,102,1,765.28,27,0,0
