,recency_days,frequency,monetary,unique_products,lifespan_days,churn_probability,risk_category,retention_action
994,225,1,76.32,1,0,0.8054511529179286,High Risk,Immediate re-engagement offer
3191,190,1,101.7,1,0,0.7961140298495429,High Risk,Immediate re-engagement offer
3184,260,1,74.4,5,0,0.7920410683711755,High Risk,Immediate re-engagement offer
1385,235,1,97.5,7,0,0.7913548416546992,High Risk,Immediate re-engagement offer
3121,147,1,78.26,17,0,0.7896736823642216,High Risk,Immediate re-engagement offer
1931,147,1,91.8,6,0,0.7895578014485902,High Risk,Immediate re-engagement offer
2492,175,1,93.18,5,0,0.7892366869782096,High Risk,Immediate re-engagement offer
3163,182,1,76.1,2,0,0.7744280284330826,High Risk,Immediate re-engagement offer
2345,266,1,103.7,5,0,0.773326508077152,High Risk,Immediate re-engagement offer
3042,218,1,103.35,24,0,0.7621366303210477,High Risk,Immediate re-engagement offer
881,147,1,54.52,3,0,0.7621293113571213,High Risk,Immediate re-engagement offer
2291,181,1,50.8,3,0,0.7621026440987086,High Risk,Immediate re-engagement offer
1756,224,2,97.7,6,0,0.759798437688259,High Risk,Immediate re-engagement offer
3037,155,1,56.4,3,0,0.7535874293134939,High Risk,Immediate re-engagement offer
2240,206,3,223.65,5,18,0.7500379024021882,High Risk,Immediate re-engagement offer
2704,118,1,59.9,4,0,0.7491238108850634,High Risk,Immediate re-engagement offer
3029,164,1,15.0,1,0,0.7268074773913442,High Risk,Immediate re-engagement offer
2667,162,1,25.5,1,0,0.7261492676198418,High Risk,Immediate re-engagement offer
1143,65,1,51.0,1,0,0.7224222796726728,High Risk,Immediate re-engagement offer
1609,232,1,1289.5,5,0,0.7131658164820519,High Risk,Immediate re-engagement offer
2842,127,1,122.4,4,0,0.7082167522803127,High Risk,Immediate re-engagement offer
2100,198,1,122.4,1,0,0.707837820925262,High Risk,Immediate re-engagement offer
1825,252,1,134.55,1,0,0.707162676743561,High Risk,Immediate re-engagement offer
1476,198,1,1784.71,10,0,0.7029439359378965,High Risk,Immediate re-engagement offer
2399,146,1,129.45,5,0,0.702409131265408,High Risk,Immediate re-engagement offer
2763,209,1,550.8,1,0,0.7023111229396851,High Risk,Immediate re-engagement offer
2926,140,1,116.01,9,0,0.7002406800609434,High Risk,Immediate re-engagement offer
1519,169,1,152.76,3,0,0.6995085128462089,Medium Risk,Personalized recommendation
3119,273,1,244.08,1,0,0.6989718942659533,Medium Risk,Personalized recommendation
1791,220,1,970.6,10,0,0.6989509234276428,Medium Risk,Personalized recommendation
1635,219,2,328.35,22,11,0.6986597826166592,Medium Risk,Personalized recommendation
3106,108,1,99.84,20,0,0.6972558821780607,Medium Risk,Personalized recommendation
708,210,1,118.0,10,0,0.6970985910229115,Medium Risk,Personalized recommendation
3093,205,1,133.35,8,0,0.6969139449958882,Medium Risk,Personalized recommendation
1294,263,1,204.0,1,0,0.695547443689413,Medium Risk,Personalized recommendation
1297,238,1,211.8,5,0,0.6951041514435349,Medium Risk,Personalized recommendation
1219,182,1,137.1,9,0,0.6949403298474883,Medium Risk,Personalized recommendation
1499,266,1,163.2,2,0,0.6948809570400205,Medium Risk,Personalized recommendation
2114,141,1,185.05,10,0,0.6937743563289238,Medium Risk,Personalized recommendation
2270,168,1,676.2,5,0,0.6936860102711385,Medium Risk,Personalized recommendation
2034,177,1,325.1,6,0,0.6935945634766065,Medium Risk,Personalized recommendation
2616,226,1,405.0,6,0,0.6931225796725,Medium Risk,Personalized recommendation
883,211,1,160.85,10,0,0.6927928354520977,Medium Risk,Personalized recommendation
330,165,1,138.68,10,0,0.69252886598036,Medium Risk,Personalized recommendation
2916,137,1,175.27,28,0,0.6923643014077138,Medium Risk,Personalized recommendation
2846,120,1,534.24,1,0,0.6922575843019966,Medium Risk,Personalized recommendation
1307,163,1,114.56,8,0,0.6918617147967605,Medium Risk,Personalized recommendation
2525,17,1,91.32,2,0,0.6913126921943619,Medium Risk,Personalized recommendation
1075,273,1,189.3,3,0,0.6912017908738922,Medium Risk,Personalized recommendation
2035,266,1,181.0,2,0,0.6911104676057559,Medium Risk,Personalized recommendation
1149,220,1,155.0,8,0,0.6901324253722488,Medium Risk,Personalized recommendation
136,128,1,160.54,26,0,0.6893857891721578,Medium Risk,Personalized recommendation
2439,142,1,112.75,20,0,0.6891766321072663,Medium Risk,Personalized recommendation
244,233,1,234.0,4,0,0.6889453550118282,Medium Risk,Personalized recommendation
2899,273,2,298.52,13,0,0.6888276900190162,Medium Risk,Personalized recommendation
2811,120,1,227.65,3,0,0.6881094933200792,Medium Risk,Personalized recommendation
677,149,1,282.88,2,0,0.6870977265086873,Medium Risk,Personalized recommendation
481,252,1,354.64,13,0,0.6859987849793231,Medium Risk,Personalized recommendation
2563,191,1,113.44,8,0,0.6857719055832864,Medium Risk,Personalized recommendation
3278,127,1,305.28,2,0,0.6853955697332637,Medium Risk,Personalized recommendation
2642,167,1,234.24,5,0,0.6847092594725853,Medium Risk,Personalized recommendation
1257,210,1,195.9,11,0,0.6845223375316433,Medium Risk,Personalized recommendation
697,235,1,110.18,13,0,0.6842641186436385,Medium Risk,Personalized recommendation
3209,213,2,580.05,20,20,0.6838667856097299,Medium Risk,Personalized recommendation
1190,156,1,356.84,13,0,0.6833333275034623,Medium Risk,Personalized recommendation
3299,211,1,349.27,21,0,0.6832501515265895,Medium Risk,Personalized recommendation
3094,147,1,119.35,19,0,0.6831007188466042,Medium Risk,Personalized recommendation
2864,162,1,396.87,24,0,0.6830544705074444,Medium Risk,Personalized recommendation
1156,197,1,142.4,7,0,0.6827934092047978,Medium Risk,Personalized recommendation
2538,267,1,164.25,9,0,0.6822783159169513,Medium Risk,Personalized recommendation
2080,164,1,188.73,11,0,0.6816605841750599,Medium Risk,Personalized recommendation
1298,146,1,394.44,20,0,0.6812716226503681,Medium Risk,Personalized recommendation
835,268,1,112.6,7,0,0.6811912088916029,Medium Risk,Personalized recommendation
795,141,1,350.75,23,0,0.6808549832669789,Medium Risk,Personalized recommendation
1085,179,1,136.77,19,0,0.6806046232931287,Medium Risk,Personalized recommendation
1640,267,1,403.25,5,0,0.6799895584257901,Medium Risk,Personalized recommendation
3308,267,1,168.6,7,0,0.6798818445938017,Medium Risk,Personalized recommendation
290,237,2,293.0,9,24,0.6795837270812147,Medium Risk,Personalized recommendation
3,211,1,334.4,17,0,0.6781751084268738,Medium Risk,Personalized recommendation
486,200,1,140.35,23,0,0.6776600562512404,Medium Risk,Personalized recommendation
554,260,1,201.2,10,0,0.6774939830751993,Medium Risk,Personalized recommendation
1378,150,1,328.2,18,0,0.6769749904068973,Medium Risk,Personalized recommendation
100,185,1,176.5,7,0,0.6766258708633778,Medium Risk,Personalized recommendation
525,162,1,329.56,21,0,0.6763175638835331,Medium Risk,Personalized recommendation
19,212,1,364.6,14,0,0.676059758975298,Medium Risk,Personalized recommendation
1220,269,1,125.1,13,0,0.6756234844013271,Medium Risk,Personalized recommendation
2241,97,1,207.5,1,0,0.6751948758378554,Medium Risk,Personalized recommendation
1185,203,1,470.36,17,0,0.6750909767826495,Medium Risk,Personalized recommendation
700,144,1,239.49,27,0,0.6742963042320866,Medium Risk,Personalized recommendation
1450,153,1,364.8,18,0,0.674288469719661,Medium Risk,Personalized recommendation
1628,258,1,316.58,9,0,0.6736088589251291,Medium Risk,Personalized recommendation
2380,133,1,225.15,13,0,0.6734952188841493,Medium Risk,Personalized recommendation
2377,274,1,233.45,14,0,0.6728218750562456,Medium Risk,Personalized recommendation
1815,189,1,127.86,26,0,0.6724947263609419,Medium Risk,Personalized recommendation
241,135,1,383.95,22,0,0.6724071447107909,Medium Risk,Personalized recommendation
359,207,1,108.07,19,0,0.6719957238582116,Medium Risk,Personalized recommendation
1413,93,1,84.72,3,0,0.6716990868063504,Medium Risk,Personalized recommendation
2575,140,1,224.73,19,0,0.6713319594970432,Medium Risk,Personalized recommendation
777,119,2,252.06,11,0,0.6710371937673751,Medium Risk,Personalized recommendation
2923,155,1,315.0,14,0,0.6708618456217931,Medium Risk,Personalized recommendation
2886,260,1,422.7,9,0,0.6702930971960832,Medium Risk,Personalized recommendation
2871,121,2,288.6,18,0,0.6702731065389618,Medium Risk,Personalized recommendation
41,209,2,693.33,26,0,0.6702168823090502,Medium Risk,Personalized recommendation
1577,35,1,244.8,1,0,0.6699958862805901,Medium Risk,Personalized recommendation
1700,184,1,204.5,16,0,0.6697155212210975,Medium Risk,Personalized recommendation
2235,231,1,226.37,14,0,0.6688874147192491,Medium Risk,Personalized recommendation
2869,259,1,271.05,10,0,0.6687722196354879,Medium Risk,Personalized recommendation
3169,157,1,174.8,14,0,0.6682586842129246,Medium Risk,Personalized recommendation
647,134,1,454.24,23,0,0.6681089052993842,Medium Risk,Personalized recommendation
3150,142,1,135.19,30,0,0.6679317622892184,Medium Risk,Personalized recommendation
1967,220,1,206.98,17,0,0.6678080505965757,Medium Risk,Personalized recommendation
2365,38,1,101.15,6,0,0.6671803917219177,Medium Risk,Personalized recommendation
1710,233,1,252.42,17,0,0.6671732283310092,Medium Risk,Personalized recommendation
1255,160,1,170.95,18,0,0.6670934600273255,Medium Risk,Personalized recommendation
2172,137,1,314.45,19,0,0.6670178317987028,Medium Risk,Personalized recommendation
1882,197,1,173.05,12,0,0.6667967154396541,Medium Risk,Personalized recommendation
1012,156,1,305.54,22,0,0.6667414904693364,Medium Risk,Personalized recommendation
1218,140,1,238.1,15,0,0.6665878539664389,Medium Risk,Personalized recommendation
1429,157,1,206.13,14,0,0.6662429419614054,Medium Risk,Personalized recommendation
729,153,1,257.23,19,0,0.6656978382393607,Medium Risk,Personalized recommendation
967,185,1,154.99,14,0,0.665487841359326,Medium Risk,Personalized recommendation
1116,123,1,383.45,17,0,0.6653965959010466,Medium Risk,Personalized recommendation
1736,73,1,500.0,1,0,0.6653443033258448,Medium Risk,Personalized recommendation
3041,148,1,112.41,30,0,0.6649603814286837,Medium Risk,Personalized recommendation
3275,137,1,232.48,15,0,0.6645851748622158,Medium Risk,Personalized recommendation
1871,161,1,227.32,16,0,0.664516831563699,Medium Risk,Personalized recommendation
2041,268,1,156.19,16,0,0.6643701944691529,Medium Risk,Personalized recommendation
1657,149,1,297.94,15,0,0.6641672842572673,Medium Risk,Personalized recommendation
692,181,1,240.68,16,0,0.6640965719714041,Medium Risk,Personalized recommendation
2535,269,1,375.69,9,0,0.6639564875882078,Medium Risk,Personalized recommendation
2303,192,1,211.0,12,0,0.663889411842957,Medium Risk,Personalized recommendation
306,195,1,311.55,17,0,0.6630207053135798,Medium Risk,Personalized recommendation
365,223,2,23.8,8,0,0.6629361102071073,Medium Risk,Personalized recommendation
1569,212,6,319.5,12,61,0.6626149521032396,Medium Risk,Personalized recommendation
2182,184,1,498.15,30,0,0.6624977036100074,Medium Risk,Personalized recommendation
2779,24,1,175.2,1,0,0.661341854780402,Medium Risk,Personalized recommendation
758,202,2,186.39,4,31,0.6611852967493047,Medium Risk,Personalized recommendation
2907,233,1,344.14,29,0,0.6590007590343481,Medium Risk,Personalized recommendation
27,238,2,401.9,10,29,0.6589868023380718,Medium Risk,Personalized recommendation
901,195,1,307.4,16,0,0.6588563735800821,Medium Risk,Personalized recommendation
1103,77,1,5.9,1,0,0.6587730253681152,Medium Risk,Personalized recommendation
1320,123,1,810.56,14,0,0.6586836905312657,Medium Risk,Personalized recommendation
59,161,1,286.25,16,0,0.6584348146341875,Medium Risk,Personalized recommendation
1474,266,1,363.53,17,0,0.6566787813896394,Medium Risk,Personalized recommendation
2175,261,1,365.27,18,0,0.6566787813896394,Medium Risk,Personalized recommendation
2702,190,1,224.91,16,0,0.6551080920039483,Medium Risk,Personalized recommendation
2786,256,1,193.64,17,0,0.6547801953071807,Medium Risk,Personalized recommendation
812,119,1,306.72,7,0,0.6528092224404696,Medium Risk,Personalized recommendation
1580,189,1,295.15,18,0,0.6517588985115732,Medium Risk,Personalized recommendation
659,126,2,463.79,18,44,0.6483288262128665,Medium Risk,Personalized recommendation
1516,141,2,230.78,24,37,0.6371815112208166,Medium Risk,Personalized recommendation
685,141,1,113.01,42,0,0.6356835487677716,Medium Risk,Personalized recommendation
2049,155,1,760.18,20,0,0.6353847018376033,Medium Risk,Personalized recommendation
2209,77,1,46.95,2,0,0.6342395344020668,Medium Risk,Personalized recommendation
1014,220,1,480.91,66,0,0.6337182753413867,Medium Risk,Personalized recommendation
882,198,1,821.1,21,0,0.6318970924854362,Medium Risk,Personalized recommendation
2217,274,1,351.75,64,0,0.6283942441583124,Medium Risk,Personalized recommendation
3183,104,2,172.29,6,0,0.6280639192418613,Medium Risk,Personalized recommendation
1994,93,1,9.2,2,0,0.62702456584168,Medium Risk,Personalized recommendation
1501,181,1,119.31,37,0,0.626269688911994,Medium Risk,Personalized recommendation
2644,214,4,533.33,52,56,0.6256791314738169,Medium Risk,Personalized recommendation
1108,262,1,777.56,23,0,0.6226605644625232,Medium Risk,Personalized recommendation
2185,136,2,304.25,13,47,0.6197708105672164,Medium Risk,Personalized recommendation
2844,57,3,186.42,3,91,0.6197454418986365,Medium Risk,Personalized recommendation
793,161,1,357.53,73,0,0.6186191637854875,Medium Risk,Personalized recommendation
830,210,1,558.32,33,0,0.6180376491906888,Medium Risk,Personalized recommendation
1746,202,1,252.29,42,0,0.616550369399353,Medium Risk,Personalized recommendation
139,260,1,195.89,67,0,0.616014132078687,Medium Risk,Personalized recommendation
2700,104,1,127.59,10,0,0.6156684646810914,Medium Risk,Personalized recommendation
2042,219,1,161.9,32,0,0.6145615309204389,Medium Risk,Personalized recommendation
2426,65,1,1382.88,3,0,0.6141156884004004,Medium Risk,Personalized recommendation
2883,100,1,159.56,8,0,0.6128689374722547,Medium Risk,Personalized recommendation
2929,203,2,531.25,103,25,0.6116739622751044,Medium Risk,Personalized recommendation
749,102,1,152.34,9,0,0.6106831061221409,Medium Risk,Personalized recommendation
715,106,3,205.51,12,59,0.6098325818899635,Medium Risk,Personalized recommendation
1839,156,3,478.53,28,55,0.6068619147519284,Medium Risk,Personalized recommendation
2001,270,1,329.03,95,0,0.6060885620887082,Medium Risk,Personalized recommendation
2278,170,1,217.89,41,0,0.605818363756485,Medium Risk,Personalized recommendation
3027,70,2,167.15,18,0,0.605477882319575,Medium Risk,Personalized recommendation
369,57,1,39.24,9,0,0.6020118538556688,Medium Risk,Personalized recommendation
726,74,1,177.34,13,0,0.6016438996968533,Medium Risk,Personalized recommendation
1806,274,1,274.93,44,0,0.6011342392287002,Medium Risk,Personalized recommendation
2898,260,1,290.34,39,0,0.6002675666740793,Medium Risk,Personalized recommendation
1363,259,3,455.65,68,13,0.599713120597893,Medium Risk,Personalized recommendation
317,227,2,599.97,58,39,0.5975847335784545,Medium Risk,Personalized recommendation
1985,69,1,116.16,41,0,0.5971614709674479,Medium Risk,Personalized recommendation
401,269,1,402.36,50,0,0.5971188975000873,Medium Risk,Personalized recommendation
782,147,2,306.55,9,49,0.5970971362523002,Medium Risk,Personalized recommendation
2744,263,1,269.83,37,0,0.5960912183291195,Medium Risk,Personalized recommendation
2453,270,1,606.05,41,0,0.5945106503157814,Medium Risk,Personalized recommendation
820,71,1,116.28,9,0,0.5941184252637034,Medium Risk,Personalized recommendation
2224,70,1,142.5,8,0,0.5938517617845144,Medium Risk,Personalized recommendation
2996,70,1,137.45,7,0,0.5928202132676719,Medium Risk,Personalized recommendation
1913,265,1,190.7,37,0,0.5926188033121628,Medium Risk,Personalized recommendation
2308,99,1,182.99,19,0,0.5917789745910733,Medium Risk,Personalized recommendation
2486,161,1,361.54,33,0,0.5912231708688485,Medium Risk,Personalized recommendation
1070,192,2,762.13,23,42,0.5903755489840634,Medium Risk,Personalized recommendation
1401,67,1,131.45,6,0,0.5903719801708217,Medium Risk,Personalized recommendation
2902,235,1,195.45,48,0,0.590316302421969,Medium Risk,Personalized recommendation
1480,31,1,178.5,10,0,0.590256112457519,Medium Risk,Personalized recommendation
261,139,1,1143.6,32,0,0.5895104491803734,Medium Risk,Personalized recommendation
1813,64,1,110.92,24,0,0.5885409637841496,Medium Risk,Personalized recommendation
3107,60,1,154.55,29,0,0.5876522809549606,Medium Risk,Personalized recommendation
3262,168,1,633.1,40,0,0.5874691047907362,Medium Risk,Personalized recommendation
2327,93,1,139.35,19,0,0.5871122937652382,Medium Risk,Personalized recommendation
2016,74,1,191.94,7,0,0.5865636061280524,Medium Risk,Personalized recommendation
1745,90,1,349.1,8,0,0.5858953050068932,Medium Risk,Personalized recommendation
1199,91,1,119.93,22,0,0.5858356466207186,Medium Risk,Personalized recommendation
146,45,1,131.5,10,0,0.5854474068953671,Medium Risk,Personalized recommendation
178,16,1,185.9,10,0,0.584963644706042,Medium Risk,Personalized recommendation
2375,83,1,105.84,9,0,0.5836337076787924,Medium Risk,Personalized recommendation
2163,39,1,197.9,8,0,0.5810442330928073,Medium Risk,Personalized recommendation
3159,18,5,146.0,25,209,0.5809352327993612,Medium Risk,Personalized recommendation
2874,162,2,605.58,79,48,0.5807640009629406,Medium Risk,Personalized recommendation
3304,41,1,149.48,13,0,0.5795816617014352,Medium Risk,Personalized recommendation
3102,56,1,142.1,26,0,0.5793356193515988,Medium Risk,Personalized recommendation
280,2,1,125.92,2,0,0.5775126040697862,Medium Risk,Personalized recommendation
958,58,2,473.91,23,0,0.5772613909252454,Medium Risk,Personalized recommendation
639,137,1,226.84,59,0,0.5771045808005897,Medium Risk,Personalized recommendation
311,39,1,147.12,3,0,0.5769121193449761,Medium Risk,Personalized recommendation
2981,38,1,200.47,16,0,0.5733602644356615,Medium Risk,Personalized recommendation
1475,183,1,828.84,39,0,0.5725643334397188,Medium Risk,Personalized recommendation
799,193,1,817.32,44,0,0.5722647571938425,Medium Risk,Personalized recommendation
2547,140,2,215.7,15,78,0.5719447126238881,Medium Risk,Personalized recommendation
2331,197,1,826.53,47,0,0.570692557463748,Medium Risk,Personalized recommendation
2620,86,2,154.83,4,184,0.5703481328208675,Medium Risk,Personalized recommendation
3030,112,1,230.67,17,0,0.5693048763018451,Medium Risk,Personalized recommendation
67,57,2,197.88,7,17,0.5692603209111384,Medium Risk,Personalized recommendation
1341,52,1,212.56,28,0,0.569198560275771,Medium Risk,Personalized recommendation
741,21,1,252.1,5,0,0.568723256224216,Medium Risk,Personalized recommendation
2128,90,1,232.21,30,0,0.5685033420363801,Medium Risk,Personalized recommendation
1935,119,3,253.04,5,140,0.5682309558517666,Medium Risk,Personalized recommendation
1392,13,1,139.26,9,0,0.568204743101659,Medium Risk,Personalized recommendation
2315,78,1,142.92,31,0,0.5664673151141372,Medium Risk,Personalized recommendation
1444,111,1,519.68,28,0,0.566144147109179,Medium Risk,Personalized recommendation
1748,165,1,267.18,34,0,0.5661333894665397,Medium Risk,Personalized recommendation
961,77,2,147.2,27,188,0.5653103382817029,Medium Risk,Personalized recommendation
121,98,2,207.8,7,83,0.5651070381577153,Medium Risk,Personalized recommendation
1245,9,1,241.09,12,0,0.5647412440591665,Medium Risk,Personalized recommendation
2214,254,1,1141.24,54,0,0.5643424950053777,Medium Risk,Personalized recommendation
1654,85,1,300.14,14,0,0.5630261557768695,Medium Risk,Personalized recommendation
1663,84,1,300.55,14,0,0.5630261557768695,Medium Risk,Personalized recommendation
1836,63,1,150.4,35,0,0.5622780733352618,Medium Risk,Personalized recommendation
769,56,1,308.58,14,0,0.5617038582235094,Medium Risk,Personalized recommendation
3211,28,1,168.31,19,0,0.5610759595334364,Medium Risk,Personalized recommendation
3073,134,3,1142.63,6,48,0.5601221032723591,Medium Risk,Personalized recommendation
1323,18,1,123.14,14,0,0.5596746406623044,Medium Risk,Personalized recommendation
2701,84,1,308.68,18,0,0.5593925782295305,Medium Risk,Personalized recommendation
270,93,1,324.92,21,0,0.5592029696208617,Medium Risk,Personalized recommendation
456,141,1,903.67,54,0,0.5586955644438977,Medium Risk,Personalized recommendation
2727,211,2,416.89,43,58,0.5586332476354512,Medium Risk,Personalized recommendation
661,189,1,1340.32,52,0,0.55806817673442,Medium Risk,Personalized recommendation
3006,39,1,373.1,11,0,0.5566231546798993,Medium Risk,Personalized recommendation
1849,85,1,298.48,16,0,0.556598092691314,Medium Risk,Personalized recommendation
783,106,2,338.74,19,29,0.5565470837583529,Medium Risk,Personalized recommendation
817,140,1,228.42,36,0,0.556088253394418,Medium Risk,Personalized recommendation
1587,70,1,330.11,22,0,0.5555343257427574,Medium Risk,Personalized recommendation
1860,105,1,396.86,21,0,0.5552694454664797,Medium Risk,Personalized recommendation
1702,4,1,161.74,47,0,0.5528220003293969,Medium Risk,Personalized recommendation
2328,74,2,404.3,25,17,0.5524347258463621,Medium Risk,Personalized recommendation
1104,143,1,2050.08,141,0,0.5505898224741113,Medium Risk,Personalized recommendation
904,80,1,376.58,26,0,0.5502451810059237,Medium Risk,Personalized recommendation
2386,154,2,237.46,18,85,0.5495221968062683,Medium Risk,Personalized recommendation
3224,50,2,653.3,28,5,0.5489778414432142,Medium Risk,Personalized recommendation
1698,17,1,233.54,16,0,0.54752053640028,Medium Risk,Personalized recommendation
2006,127,1,511.68,60,0,0.5465427396981248,Medium Risk,Personalized recommendation
1249,11,1,135.24,49,0,0.5460009619854618,Medium Risk,Personalized recommendation
1692,49,1,344.62,17,0,0.545957683334751,Medium Risk,Personalized recommendation
3040,60,2,188.02,12,94,0.5459308359471922,Medium Risk,Personalized recommendation
2638,31,1,498.48,13,0,0.5450092538153529,Medium Risk,Personalized recommendation
52,95,1,582.73,30,0,0.5441531880254922,Medium Risk,Personalized recommendation
2695,72,1,528.45,30,0,0.5438742377851301,Medium Risk,Personalized recommendation
1786,237,2,1268.13,33,37,0.5419047217124989,Medium Risk,Personalized recommendation
237,158,3,617.31,29,75,0.5416937962766221,Medium Risk,Personalized recommendation
26,22,1,292.69,14,0,0.5400150454114193,Medium Risk,Personalized recommendation
1863,35,1,425.32,25,0,0.539096043855738,Medium Risk,Personalized recommendation
2596,8,1,253.31,15,0,0.5384644769592275,Medium Risk,Personalized recommendation
3038,1,1,189.8,63,0,0.538102984479927,Medium Risk,Personalized recommendation
3101,63,1,203.86,34,0,0.5378593788529088,Medium Risk,Personalized recommendation
839,35,1,385.14,17,0,0.5377601009452828,Medium Risk,Personalized recommendation
1184,140,2,330.62,25,86,0.5349383419820238,Medium Risk,Personalized recommendation
2147,34,1,375.0,22,0,0.5342118417385291,Medium Risk,Personalized recommendation
2231,39,1,361.22,22,0,0.5342118417385291,Medium Risk,Personalized recommendation
2464,15,2,302.41,27,0,0.5334629293731397,Medium Risk,Personalized recommendation
2917,28,1,749.45,16,0,0.5310538479755096,Medium Risk,Personalized recommendation
2994,86,2,152.4,3,151,0.5296381398394685,Medium Risk,Personalized recommendation
1325,1,1,128.95,14,0,0.5286555125433829,Medium Risk,Personalized recommendation
1675,56,2,1407.76,7,27,0.5265392441411743,Medium Risk,Personalized recommendation
794,101,1,339.6,29,0,0.5258600140011892,Medium Risk,Personalized recommendation
1781,21,1,304.3,16,0,0.5253023801811966,Medium Risk,Personalized recommendation
1949,50,1,610.01,42,0,0.5232987793599088,Medium Risk,Personalized recommendation
1286,99,2,339.59,54,0,0.5226776501490958,Medium Risk,Personalized recommendation
2540,66,2,387.68,56,10,0.521487821257598,Medium Risk,Personalized recommendation
3056,170,2,21.31,11,96,0.520828889021488,Medium Risk,Personalized recommendation
2633,106,2,749.43,40,0,0.5192575627774307,Medium Risk,Personalized recommendation
1434,49,1,522.52,29,0,0.519065875149881,Medium Risk,Personalized recommendation
196,100,2,1026.39,28,33,0.5181101931872337,Medium Risk,Personalized recommendation
2823,51,1,393.31,41,0,0.5176818717453319,Medium Risk,Personalized recommendation
1387,13,2,95.5,8,64,0.5166920524422605,Medium Risk,Personalized recommendation
861,69,3,388.5,10,35,0.5166527959177567,Medium Risk,Personalized recommendation
3174,9,2,122.14,29,91,0.5161297218561196,Medium Risk,Personalized recommendation
660,23,1,326.4,20,0,0.5155950114905118,Medium Risk,Personalized recommendation
738,116,1,312.28,57,0,0.5144792370285647,Medium Risk,Personalized recommendation
1582,107,1,1069.47,53,0,0.514025819273992,Medium Risk,Personalized recommendation
1403,45,2,97.4,7,166,0.5131682527438286,Medium Risk,Personalized recommendation
668,84,1,585.32,38,0,0.512868347240262,Medium Risk,Personalized recommendation
2424,17,5,266.52,9,168,0.5127041061322575,Medium Risk,Personalized recommendation
811,80,1,491.71,32,0,0.5119647964472436,Medium Risk,Personalized recommendation
2795,85,1,320.9,53,0,0.5111535445435303,Medium Risk,Personalized recommendation
2360,143,2,379.73,17,131,0.5103657263547514,Medium Risk,Personalized recommendation
896,22,2,496.05,25,13,0.5094996494113926,Medium Risk,Personalized recommendation
2545,53,2,188.98,46,56,0.5094229448903483,Medium Risk,Personalized recommendation
1202,56,1,1837.92,37,0,0.5087176898820052,Medium Risk,Personalized recommendation
1734,87,1,394.14,31,0,0.5085798163383898,Medium Risk,Personalized recommendation
1500,112,1,334.54,40,0,0.507857156911923,Medium Risk,Personalized recommendation
691,102,2,1590.05,55,0,0.5072542826805739,Medium Risk,Personalized recommendation
228,34,1,677.9,45,0,0.5070819599981504,Medium Risk,Personalized recommendation
2679,86,1,294.24,31,0,0.5058872534498348,Medium Risk,Personalized recommendation
1837,77,1,455.3,31,0,0.5053133065003421,Medium Risk,Personalized recommendation
2610,50,4,295.0,1,155,0.502767782641627,Medium Risk,Personalized recommendation
163,69,1,634.74,31,0,0.5027508166581857,Medium Risk,Personalized recommendation
755,50,1,299.05,82,0,0.5026904716222487,Medium Risk,Personalized recommendation
3096,111,2,377.71,44,39,0.5019007452591022,Medium Risk,Personalized recommendation
1947,105,1,1223.24,54,0,0.5003837225616767,Medium Risk,Personalized recommendation
1470,102,1,903.01,53,0,0.49946518160117503,Medium Risk,Personalized recommendation
1134,62,2,588.22,30,35,0.4977334688189542,Medium Risk,Personalized recommendation
62,41,1,890.07,49,0,0.496946139325151,Medium Risk,Personalized recommendation
493,29,1,988.34,51,0,0.49648301119343147,Medium Risk,Personalized recommendation
324,24,1,645.35,39,0,0.49334629734909025,Medium Risk,Personalized recommendation
2742,21,1,318.65,68,0,0.4894149742781933,Medium Risk,Personalized recommendation
579,101,1,860.12,54,0,0.48760037509343124,Medium Risk,Personalized recommendation
1376,198,5,928.03,14,69,0.487239428314083,Medium Risk,Personalized recommendation
2007,154,2,258.25,35,116,0.486968319455895,Medium Risk,Personalized recommendation
2771,39,3,644.3,11,21,0.4852257875155576,Medium Risk,Personalized recommendation
2121,119,2,611.88,18,90,0.4776209268102521,Medium Risk,Personalized recommendation
2220,1,1,566.38,23,0,0.4761744914774596,Medium Risk,Personalized recommendation
971,7,1,485.98,37,0,0.47326322659860814,Medium Risk,Personalized recommendation
47,13,1,668.58,34,0,0.47077914263431325,Medium Risk,Personalized recommendation
1153,92,2,617.05,11,71,0.4677539658231769,Medium Risk,Personalized recommendation
2421,111,2,384.36,5,109,0.4675316259663644,Medium Risk,Personalized recommendation
2356,191,2,787.15,25,82,0.4657711713626228,Medium Risk,Personalized recommendation
594,104,2,770.0,34,31,0.4654307421343655,Medium Risk,Personalized recommendation
2463,135,2,480.94,35,85,0.4642684350990016,Medium Risk,Personalized recommendation
1981,119,2,613.26,19,120,0.4627359881955196,Medium Risk,Personalized recommendation
468,9,3,422.47,40,258,0.4610416207348668,Medium Risk,Personalized recommendation
349,98,2,428.23,27,70,0.46026523037976574,Medium Risk,Personalized recommendation
2091,46,1,783.9,70,0,0.45723882914011776,Medium Risk,Personalized recommendation
906,9,2,390.21,32,203,0.45668772330455454,Medium Risk,Personalized recommendation
199,71,2,976.8,30,37,0.45532951806896543,Medium Risk,Personalized recommendation
1295,44,3,486.36,2,153,0.45331313078609287,Medium Risk,Personalized recommendation
1893,20,2,254.1,8,242,0.45279393681087154,Medium Risk,Personalized recommendation
1063,148,2,632.4,21,111,0.4521096375621213,Medium Risk,Personalized recommendation
1093,10,2,530.18,31,39,0.4515830546950352,Medium Risk,Personalized recommendation
2243,56,2,416.02,11,90,0.4502473074051511,Medium Risk,Personalized recommendation
1230,84,2,251.21,9,136,0.4492240839351917,Medium Risk,Personalized recommendation
1995,78,2,414.26,7,139,0.4474749573084856,Medium Risk,Personalized recommendation
2048,66,2,427.64,83,55,0.44696579553057547,Medium Risk,Personalized recommendation
1194,97,2,601.03,34,84,0.4467464674404743,Medium Risk,Personalized recommendation
277,85,2,281.35,16,184,0.4446583705580266,Medium Risk,Personalized recommendation
3276,112,2,641.92,17,70,0.4444997421768553,Medium Risk,Personalized recommendation
1838,43,2,456.84,3,209,0.4439896429829841,Medium Risk,Personalized recommendation
3017,14,2,355.11,13,219,0.4434629504455168,Medium Risk,Personalized recommendation
1196,147,2,399.91,98,126,0.4414652865985554,Medium Risk,Personalized recommendation
2856,126,5,462.58,14,148,0.4405541017256746,Medium Risk,Personalized recommendation
2522,160,3,671.29,32,75,0.4402985797810362,Medium Risk,Personalized recommendation
2640,100,2,819.66,42,40,0.4401018686688966,Medium Risk,Personalized recommendation
382,7,3,534.85,30,258,0.4398121140711708,Medium Risk,Personalized recommendation
2513,4,4,417.06,28,255,0.4397946833571609,Medium Risk,Personalized recommendation
336,49,2,363.65,19,224,0.43922674078850577,Medium Risk,Personalized recommendation
2652,154,3,696.07,49,64,0.43853548362978045,Medium Risk,Personalized recommendation
1054,50,5,521.24,19,210,0.437914873126791,Medium Risk,Personalized recommendation
2485,4,2,286.49,40,168,0.4369894453252627,Medium Risk,Personalized recommendation
1537,57,2,478.6,28,125,0.4356919018519919,Medium Risk,Personalized recommendation
2239,73,2,1038.46,56,41,0.43474685134052804,Medium Risk,Personalized recommendation
21,30,1,4008.62,219,0,0.4339388606079408,Medium Risk,Personalized recommendation
1262,102,2,874.88,126,47,0.4315145755175972,Medium Risk,Personalized recommendation
880,8,2,501.11,25,251,0.4311480452161219,Medium Risk,Personalized recommendation
2277,106,2,670.17,16,78,0.4307307637296367,Medium Risk,Personalized recommendation
2085,8,2,440.48,26,225,0.42985711923736664,Medium Risk,Personalized recommendation
680,106,2,483.8,17,161,0.4283931091248302,Medium Risk,Personalized recommendation
748,65,2,379.65,49,173,0.42356644775337543,Medium Risk,Personalized recommendation
3231,112,2,600.85,30,108,0.42310012648972384,Medium Risk,Personalized recommendation
2694,133,2,698.55,36,128,0.4228894968255468,Medium Risk,Personalized recommendation
759,52,2,486.82,25,133,0.4221404808732492,Medium Risk,Personalized recommendation
2488,176,3,1651.75,154,63,0.42031929345495533,Medium Risk,Personalized recommendation
347,72,2,357.49,48,112,0.4196830259705427,Medium Risk,Personalized recommendation
215,8,2,333.9,17,103,0.41941250399674546,Medium Risk,Personalized recommendation
1715,155,2,770.12,59,113,0.4179074154629109,Medium Risk,Personalized recommendation
2928,118,2,309.36,57,95,0.41767906457134296,Medium Risk,Personalized recommendation
378,21,3,372.4,23,178,0.4168569767691103,Medium Risk,Personalized recommendation
1207,147,3,1038.44,107,56,0.41675096507329884,Medium Risk,Personalized recommendation
2412,78,2,833.78,62,35,0.41489982828055183,Medium Risk,Personalized recommendation
1853,121,2,875.01,59,138,0.410457914741672,Medium Risk,Personalized recommendation
1022,155,2,1903.73,62,103,0.4096601113725559,Medium Risk,Personalized recommendation
400,39,2,773.2,6,215,0.40883488922953914,Medium Risk,Personalized recommendation
3069,119,4,605.8,14,115,0.408159427216491,Medium Risk,Personalized recommendation
2661,27,2,629.32,42,151,0.40753623408237444,Medium Risk,Personalized recommendation
1037,66,3,389.85,23,166,0.40564866230813984,Medium Risk,Personalized recommendation
2607,100,2,671.15,41,85,0.4040528804454619,Medium Risk,Personalized recommendation
420,53,2,659.25,31,175,0.40137672679633907,Medium Risk,Personalized recommendation
2805,35,2,287.3,26,178,0.40128514128128323,Medium Risk,Personalized recommendation
1942,84,3,475.28,26,174,0.40103155721946293,Medium Risk,Personalized recommendation
1824,50,3,449.67,16,66,0.3995256013740807,Low Risk,Regular engagement
1521,157,3,4959.1,29,110,0.394634550286369,Low Risk,Regular engagement
947,11,3,473.02,30,165,0.3928365501622065,Low Risk,Regular engagement
3189,34,2,814.0,7,102,0.3916777968688968,Low Risk,Regular engagement
3109,57,3,617.74,32,217,0.39141893598254035,Low Risk,Regular engagement
258,39,2,494.08,16,231,0.3899518748646269,Low Risk,Regular engagement
2613,56,5,575.44,33,202,0.38974117266986286,Low Risk,Regular engagement
310,111,2,1106.4,37,92,0.3882280476259224,Low Risk,Regular engagement
1117,14,2,1048.45,62,22,0.3879407222131682,Low Risk,Regular engagement
1868,58,3,447.64,35,215,0.38754861618951986,Low Risk,Regular engagement
2233,8,3,1600.0,1,154,0.38610005942780373,Low Risk,Regular engagement
502,21,2,309.86,20,122,0.3860975057207544,Low Risk,Regular engagement
1348,90,2,1541.1,56,49,0.38579204067322176,Low Risk,Regular engagement
2942,38,2,416.5,29,95,0.3855759745136873,Low Risk,Regular engagement
1395,28,2,730.86,34,181,0.3843120609051019,Low Risk,Regular engagement
1485,10,3,537.32,33,187,0.38318340494131986,Low Risk,Regular engagement
852,18,3,467.54,106,252,0.38238986245654355,Low Risk,Regular engagement
2105,1,2,1317.62,31,260,0.37890776466036225,Low Risk,Regular engagement
3241,35,2,653.35,38,155,0.37812708307054643,Low Risk,Regular engagement
3257,153,4,1103.16,54,84,0.37768603921785254,Low Risk,Regular engagement
2659,128,3,649.05,13,127,0.3766749703262292,Low Risk,Regular engagement
1885,114,4,1379.66,39,41,0.3746670986081686,Low Risk,Regular engagement
466,34,3,489.45,22,239,0.37315213027906546,Low Risk,Regular engagement
2487,137,4,649.38,82,136,0.3725598883186692,Low Risk,Regular engagement
742,76,2,803.86,33,59,0.3716615951195212,Low Risk,Regular engagement
3012,37,2,540.21,31,97,0.3705610422370615,Low Risk,Regular engagement
1498,99,2,292.01,78,160,0.36937462337697907,Low Risk,Regular engagement
671,18,3,523.96,30,130,0.3692561694010289,Low Risk,Regular engagement
2201,112,2,1522.75,88,161,0.36861047933119495,Low Risk,Regular engagement
264,84,4,492.06,25,129,0.3685025158218108,Low Risk,Regular engagement
2,149,3,1487.24,22,110,0.3638551416347181,Low Risk,Regular engagement
3018,151,4,1288.96,50,108,0.36381195662876215,Low Risk,Regular engagement
17,175,3,2802.66,125,86,0.3635805336040706,Low Risk,Regular engagement
2807,100,3,400.1,63,162,0.35855698969859745,Low Risk,Regular engagement
3086,24,6,601.57,59,243,0.3571647519173398,Low Risk,Regular engagement
229,52,2,1030.98,49,94,0.35534349251757097,Low Risk,Regular engagement
1937,16,3,621.83,23,110,0.35526785485809476,Low Risk,Regular engagement
1613,134,3,1455.12,45,86,0.35459700399216026,Low Risk,Regular engagement
2732,165,8,3638.41,51,95,0.3525684995495291,Low Risk,Regular engagement
68,119,2,5307.82,162,106,0.3515670388633456,Low Risk,Regular engagement
2083,49,2,876.18,42,120,0.35068159762672146,Low Risk,Regular engagement
1542,118,3,814.04,38,142,0.3506196967392954,Low Risk,Regular engagement
2202,22,2,769.7,49,135,0.347006722818528,Low Risk,Regular engagement
1411,101,2,1110.34,52,77,0.3469139479725217,Low Risk,Regular engagement
2976,167,5,1512.72,39,106,0.34112429321435633,Low Risk,Regular engagement
2775,25,4,530.95,98,168,0.3407205825290823,Low Risk,Regular engagement
792,76,2,1409.69,88,59,0.3392270031819675,Low Risk,Regular engagement
943,34,3,696.56,29,82,0.33708377890345687,Low Risk,Regular engagement
1673,52,2,1506.12,76,84,0.3340928280306161,Low Risk,Regular engagement
3089,86,6,683.46,37,70,0.33408485446885317,Low Risk,Regular engagement
207,71,4,1379.48,37,43,0.3323034368417451,Low Risk,Regular engagement
2739,9,2,1135.04,30,72,0.3321130128807714,Low Risk,Regular engagement
950,56,3,631.9,22,101,0.33106796839779895,Low Risk,Regular engagement
2672,39,6,601.94,66,196,0.33076281926979234,Low Risk,Regular engagement
2053,24,2,1142.42,29,113,0.32887001299152885,Low Risk,Regular engagement
1890,84,3,703.22,22,97,0.32765611954340956,Low Risk,Regular engagement
887,84,3,740.95,42,79,0.3251027118123772,Low Risk,Regular engagement
1371,29,2,1081.75,13,225,0.32483896713637606,Low Risk,Regular engagement
153,84,2,1428.81,72,85,0.32395847239304615,Low Risk,Regular engagement
3188,74,3,720.52,23,164,0.3230846361441285,Low Risk,Regular engagement
2232,114,6,632.27,36,154,0.3199118461916019,Low Risk,Regular engagement
2819,15,3,653.38,30,141,0.318569622850794,Low Risk,Regular engagement
2785,57,3,682.29,147,210,0.3155526725209933,Low Risk,Regular engagement
1302,17,3,606.16,88,119,0.31543942063042907,Low Risk,Regular engagement
232,15,3,929.65,48,36,0.31489580863471966,Low Risk,Regular engagement
1977,38,3,675.51,32,193,0.3143044610089661,Low Risk,Regular engagement
577,91,2,2708.59,176,115,0.3125308327110559,Low Risk,Regular engagement
2707,79,3,711.79,56,183,0.31141445644609644,Low Risk,Regular engagement
912,77,3,674.45,38,118,0.3090376384803192,Low Risk,Regular engagement
3059,143,4,1580.47,140,122,0.3072270937516324,Low Risk,Regular engagement
2725,115,5,943.58,85,154,0.30275972628927145,Low Risk,Regular engagement
2880,20,4,605.65,95,166,0.30165534566501245,Low Risk,Regular engagement
2330,74,3,782.29,25,156,0.3001766834133673,Low Risk,Regular engagement
2357,25,2,780.36,131,210,0.2974825494458535,Low Risk,Regular engagement
1374,98,3,1448.21,85,86,0.2966668939002099,Low Risk,Regular engagement
3022,14,4,1012.76,87,51,0.29548384093627084,Low Risk,Regular engagement
2395,111,4,1441.29,44,112,0.2910469046105118,Low Risk,Regular engagement
3226,102,3,933.9,146,115,0.2882958200302764,Low Risk,Regular engagement
3003,14,3,887.6,32,254,0.28635148588694664,Low Risk,Regular engagement
3156,66,3,811.45,23,194,0.2846372545740048,Low Risk,Regular engagement
1405,63,3,845.55,35,130,0.2837852689009499,Low Risk,Regular engagement
2541,111,4,2037.82,104,60,0.28297466271779537,Low Risk,Regular engagement
1830,78,4,675.64,131,195,0.28143600561358095,Low Risk,Regular engagement
2165,31,3,4844.0,8,164,0.2800952277562996,Low Risk,Regular engagement
476,42,3,873.2,32,157,0.2756982594576681,Low Risk,Regular engagement
39,76,3,1491.77,58,85,0.26730541806074226,Low Risk,Regular engagement
3162,22,4,674.89,63,169,0.26694698163488106,Low Risk,Regular engagement
99,35,3,1304.81,19,164,0.26639574650063347,Low Risk,Regular engagement
2104,86,3,992.37,57,181,0.26637606921748264,Low Risk,Regular engagement
2962,55,4,1016.53,33,133,0.26508797269633216,Low Risk,Regular engagement
2656,10,3,1405.78,24,194,0.2641871971174656,Low Risk,Regular engagement
673,7,2,1612.18,99,73,0.26320452733135463,Low Risk,Regular engagement
2980,28,4,740.94,34,232,0.2628956951430376,Low Risk,Regular engagement
2736,80,5,697.73,62,183,0.2627233614924036,Low Risk,Regular engagement
688,43,5,762.05,34,100,0.2600997745519582,Low Risk,Regular engagement
614,34,3,1390.5,23,163,0.2594116195165065,Low Risk,Regular engagement
263,90,4,1164.68,36,122,0.2580921532125395,Low Risk,Regular engagement
2213,16,6,761.12,37,91,0.25781921273346686,Low Risk,Regular engagement
2133,2,3,3706.7,41,195,0.2571441000096536,Low Risk,Regular engagement
2967,58,3,1098.55,38,208,0.25626365869267503,Low Risk,Regular engagement
1235,63,3,818.96,82,207,0.25433265120391946,Low Risk,Regular engagement
2255,29,4,738.29,116,112,0.25233125906027143,Low Risk,Regular engagement
2014,45,4,797.71,56,111,0.2518253267707187,Low Risk,Regular engagement
1621,20,3,1044.32,36,246,0.2512139302942497,Low Risk,Regular engagement
2669,56,3,6332.61,179,123,0.2482727573197095,Low Risk,Regular engagement
2281,69,3,964.3,87,162,0.24685365085366037,Low Risk,Regular engagement
2189,42,3,865.88,63,108,0.24531454237222522,Low Risk,Regular engagement
343,48,3,1136.14,42,212,0.24442573949470034,Low Risk,Regular engagement
3004,90,3,2100.88,93,177,0.24223166946715508,Low Risk,Regular engagement
970,59,3,3244.74,211,159,0.24160684480599637,Low Risk,Regular engagement
1372,34,5,757.65,28,183,0.24141897781432292,Low Risk,Regular engagement
357,74,5,751.78,39,157,0.24132492364638197,Low Risk,Regular engagement
1802,126,6,2501.94,50,139,0.24042125482790763,Low Risk,Regular engagement
3286,74,4,1643.28,32,129,0.23981753165241176,Low Risk,Regular engagement
1084,11,3,1474.06,57,135,0.23931182735785028,Low Risk,Regular engagement
1610,36,3,886.74,60,101,0.2388536526319202,Low Risk,Regular engagement
2452,63,3,1136.16,61,204,0.2384620618171026,Low Risk,Regular engagement
3088,85,4,1576.92,23,189,0.23839072357213834,Low Risk,Regular engagement
2502,64,4,1594.23,72,110,0.238105187030186,Low Risk,Regular engagement
1167,31,4,1475.81,17,117,0.23599011169552778,Low Risk,Regular engagement
2641,11,4,2237.1,232,259,0.23313617804996437,Low Risk,Regular engagement
1789,50,3,1286.95,126,121,0.22290993994706063,Low Risk,Regular engagement
2237,20,3,1341.65,64,178,0.22190287902432473,Low Risk,Regular engagement
845,36,4,1429.84,26,175,0.22186868366985565,Low Risk,Regular engagement
1658,35,3,2515.84,55,127,0.22153344253566537,Low Risk,Regular engagement
355,6,4,1423.96,64,159,0.220431441524894,Low Risk,Regular engagement
2889,107,6,1365.26,216,159,0.22011360468239224,Low Risk,Regular engagement
2210,28,4,3741.06,72,92,0.22008541299861722,Low Risk,Regular engagement
2338,7,4,1431.93,71,254,0.21903767472138122,Low Risk,Regular engagement
678,6,4,1362.52,110,221,0.21441422274142183,Low Risk,Regular engagement
38,35,4,1407.36,50,130,0.21378208018655476,Low Risk,Regular engagement
541,70,6,2117.81,206,98,0.21253683634141737,Low Risk,Regular engagement
28,49,4,1668.34,50,178,0.21116367534776073,Low Risk,Regular engagement
696,45,3,1724.67,68,224,0.2096517236632841,Low Risk,Regular engagement
569,99,5,1313.98,56,160,0.20766094953081943,Low Risk,Regular engagement
2608,22,5,1041.78,11,232,0.20730635910059048,Low Risk,Regular engagement
1956,9,4,2076.91,103,90,0.20653761878246357,Low Risk,Regular engagement
1902,41,4,2293.62,79,75,0.20588195687075372,Low Risk,Regular engagement
348,10,4,1535.34,58,210,0.19737303775569273,Low Risk,Regular engagement
2804,67,6,1055.63,177,196,0.19439096147902346,Low Risk,Regular engagement
3310,14,4,2106.45,76,133,0.19434353708591856,Low Risk,Regular engagement
1859,29,4,1313.55,53,238,0.1943100548043569,Low Risk,Regular engagement
1227,17,4,1281.79,104,245,0.19371303502603812,Low Risk,Regular engagement
1446,74,6,1083.02,51,185,0.1893239681216117,Low Risk,Regular engagement
1513,57,5,1080.23,204,210,0.1870718397334824,Low Risk,Regular engagement
358,44,5,1346.92,42,124,0.1829557182035078,Low Risk,Regular engagement
3256,29,4,1590.81,80,236,0.1827683729336234,Low Risk,Regular engagement
596,14,4,2461.33,63,185,0.18204096756168459,Low Risk,Regular engagement
1118,35,4,2307.89,119,239,0.17994931514573184,Low Risk,Regular engagement
770,77,6,1229.31,86,151,0.17938680181032512,Low Risk,Regular engagement
3129,9,9,3828.04,6,194,0.17565953680810434,Low Risk,Regular engagement
97,28,4,2631.52,81,182,0.17525445095393347,Low Risk,Regular engagement
2799,70,5,2336.81,172,163,0.16914145641376474,Low Risk,Regular engagement
2615,63,14,5431.28,81,210,0.16806228326809297,Low Risk,Regular engagement
2153,52,5,1415.17,62,159,0.16781983735867345,Low Risk,Regular engagement
1676,18,5,1850.29,21,193,0.16529070090122938,Low Risk,Regular engagement
2772,49,5,1506.92,57,164,0.1611467576507404,Low Risk,Regular engagement
1368,44,5,1618.3,72,196,0.15700837866966022,Low Risk,Regular engagement
3182,67,7,1105.53,63,194,0.15415714834446256,Low Risk,Regular engagement
3190,84,8,1412.15,71,181,0.15291377155015243,Low Risk,Regular engagement
2028,8,6,1885.95,65,182,0.15072902110040703,Low Risk,Regular engagement
176,58,5,3049.5,138,166,0.15038859530971746,Low Risk,Regular engagement
2882,34,5,1488.0,50,235,0.14846589535803986,Low Risk,Regular engagement
2975,16,5,1899.35,39,253,0.14589965479392175,Low Risk,Regular engagement
3296,50,6,1672.81,103,206,0.14459319384970068,Low Risk,Regular engagement
2818,49,6,4801.8,18,223,0.14399226757212283,Low Risk,Regular engagement
2265,24,7,862.56,34,244,0.14242362381966436,Low Risk,Regular engagement
2414,10,5,4525.87,53,164,0.14135203601862698,Low Risk,Regular engagement
2054,21,6,1193.63,64,248,0.1409686810196259,Low Risk,Regular engagement
716,9,5,2011.88,77,228,0.13800509564692084,Low Risk,Regular engagement
1114,8,5,2437.14,70,258,0.13687764194610874,Low Risk,Regular engagement
3210,27,5,1986.2,56,228,0.1306384227886499,Low Risk,Regular engagement
1788,1,5,2800.93,108,135,0.12895590990550565,Low Risk,Regular engagement
247,45,5,14211.97,163,174,0.1288077010923316,Low Risk,Regular engagement
1158,22,5,1835.11,80,251,0.12850897817416204,Low Risk,Regular engagement
2906,50,5,2335.05,77,223,0.1267775561383459,Low Risk,Regular engagement
815,23,6,1730.24,55,245,0.12672082402115037,Low Risk,Regular engagement
2468,14,6,1860.9,82,245,0.11806931948362989,Low Risk,Regular engagement
2635,18,5,2606.65,105,158,0.11719343255299426,Low Risk,Regular engagement
2921,23,6,1840.87,81,245,0.11544374870737417,Low Risk,Regular engagement
2977,21,5,4589.35,174,182,0.11413662191514018,Low Risk,Regular engagement
2798,38,6,2617.41,153,194,0.11369785338855186,Low Risk,Regular engagement
2484,14,6,4229.32,126,203,0.11179195745982094,Low Risk,Regular engagement
2515,7,8,2102.4,110,99,0.11041754086659633,Low Risk,Regular engagement
1089,52,7,9386.32,52,186,0.10274144217075079,Low Risk,Regular engagement
2569,53,13,4242.42,202,210,0.10218329598724299,Low Risk,Regular engagement
321,25,9,1059.23,41,234,0.09995838186894,Low Risk,Regular engagement
1905,39,6,2589.34,103,231,0.09943870181977861,Low Risk,Regular engagement
854,56,7,2165.27,96,211,0.09887588846953727,Low Risk,Regular engagement
1915,8,6,4589.39,191,252,0.09711195380663035,Low Risk,Regular engagement
1793,24,5,5955.53,148,246,0.09569577764285356,Low Risk,Regular engagement
1047,9,7,2258.26,71,112,0.0944202596152966,Low Risk,Regular engagement
1669,1,7,1810.77,62,272,0.09206000512017676,Low Risk,Regular engagement
2427,13,16,6303.74,22,154,0.0893182410963917,Low Risk,Regular engagement
329,9,19,11639.47,29,162,0.08661047408270367,Low Risk,Regular engagement
1147,9,8,3717.35,61,103,0.08558095073989001,Low Risk,Regular engagement
2288,11,8,1482.37,76,202,0.08451862184823762,Low Risk,Regular engagement
2788,4,8,1228.78,170,270,0.07951756893476829,Low Risk,Regular engagement
432,27,9,3613.63,63,212,0.0793571083788744,Low Risk,Regular engagement
2448,9,7,2010.91,147,168,0.07772432591490898,Low Risk,Regular engagement
2490,23,8,1174.55,65,245,0.07719532455254058,Low Risk,Regular engagement
1662,7,7,7452.12,67,135,0.07668608317751036,Low Risk,Regular engagement
930,8,7,2773.04,55,157,0.07607040764953567,Low Risk,Regular engagement
2814,22,24,8912.78,37,210,0.07512214148609278,Low Risk,Regular engagement
539,13,8,2535.58,54,144,0.07490535910584635,Low Risk,Regular engagement
1109,21,7,2355.54,96,155,0.07256575021345696,Low Risk,Regular engagement
3133,1,29,45325.6,23,271,0.07043146702997048,Low Risk,Regular engagement
356,15,7,3449.42,144,138,0.0669751515351148,Low Risk,Regular engagement
2984,9,7,1915.59,71,256,0.06563088113407727,Low Risk,Regular engagement
690,24,9,2762.91,61,192,0.06495777042880313,Low Risk,Regular engagement
1846,20,8,2439.38,42,205,0.06488305393924733,Low Risk,Regular engagement
2462,15,16,4996.29,135,127,0.06356774960385334,Low Risk,Regular engagement
2531,35,11,7371.6,170,193,0.06178163416154537,Low Risk,Regular engagement
1148,38,10,5419.7,209,139,0.061766621367448815,Low Risk,Regular engagement
83,38,12,3896.38,144,192,0.06095934142926474,Low Risk,Regular engagement
156,13,8,1936.56,26,259,0.06090197546718236,Low Risk,Regular engagement
2932,18,9,2976.69,173,188,0.059668248837377806,Low Risk,Regular engagement
869,13,8,4074.24,116,196,0.0585846486436224,Low Risk,Regular engagement
440,14,17,14468.08,110,204,0.05737655939196016,Low Risk,Regular engagement
2199,15,8,1501.82,247,255,0.05689542715785587,Low Risk,Regular engagement
3235,10,9,2165.55,24,264,0.05543085799709562,Low Risk,Regular engagement
1531,28,10,3822.48,119,211,0.05537818057662419,Low Risk,Regular engagement
1661,8,10,5357.03,178,149,0.05430386268803464,Low Risk,Regular engagement
395,23,17,4788.85,227,173,0.05408001928114837,Low Risk,Regular engagement
975,8,17,5333.97,274,177,0.053955019281148375,Low Risk,Regular engagement
1211,4,8,1852.67,153,252,0.052694882983322325,Low Risk,Regular engagement
2145,24,7,2282.3,93,236,0.05248872569834728,Low Risk,Regular engagement
2065,20,10,1715.53,82,247,0.05149311118522035,Low Risk,Regular engagement
808,30,7,2558.34,47,238,0.049405684445073934,Low Risk,Regular engagement
500,4,21,4553.84,29,263,0.04652394477533725,Low Risk,Regular engagement
997,21,8,2309.92,143,234,0.046487121248386575,Low Risk,Regular engagement
1987,41,9,2393.69,70,221,0.04608437810438438,Low Risk,Regular engagement
2809,27,9,2040.34,91,247,0.04546413456781827,Low Risk,Regular engagement
239,45,8,11324.25,84,220,0.045367641185844805,Low Risk,Regular engagement
2737,37,11,1943.57,212,235,0.044457953414021506,Low Risk,Regular engagement
46,7,7,2816.52,132,251,0.04284336188340267,Low Risk,Regular engagement
3115,6,9,2328.8,229,268,0.04089073050540556,Low Risk,Regular engagement
3213,27,26,130537.23,54,241,0.040267318527888375,Low Risk,Regular engagement
972,14,15,8687.44,42,253,0.039511241489743276,Low Risk,Regular engagement
2075,8,46,52213.24,43,266,0.038769483247985036,Low Risk,Regular engagement
1978,9,12,14153.5,51,259,0.03849332665487129,Low Risk,Regular engagement
2040,7,8,2463.65,68,266,0.03831353794846234,Low Risk,Regular engagement
225,7,11,3913.08,54,265,0.03810871127025591,Low Risk,Regular engagement
2212,11,7,4062.02,132,254,0.03788446442022384,Low Risk,Regular engagement
431,44,8,18870.12,424,228,0.037707162196015324,Low Risk,Regular engagement
2442,30,10,4050.42,80,232,0.03768722269796232,Low Risk,Regular engagement
2784,21,7,7593.65,157,246,0.03429674045957582,Low Risk,Regular engagement
442,34,19,4961.7,112,232,0.03415409344549988,Low Risk,Regular engagement
1541,28,37,36575.0,59,245,0.0341299343453059,Low Risk,Regular engagement
1369,11,11,9044.2,98,257,0.03264251441050492,Low Risk,Regular engagement
1339,30,15,3831.37,110,244,0.03182000691822315,Low Risk,Regular engagement
2558,9,13,2933.55,334,259,0.031185547807714473,Low Risk,Regular engagement
3216,11,17,4433.02,103,259,0.030434696644644297,Low Risk,Regular engagement
2574,4,14,2897.33,345,266,0.02970313976329505,Low Risk,Regular engagement
3082,8,12,7017.34,145,257,0.028168435518085816,Low Risk,Regular engagement
1514,17,8,5027.97,271,253,0.027427154842704287,Low Risk,Regular engagement
3025,15,20,3308.55,190,258,0.027356882346175143,Low Risk,Regular engagement
1113,24,36,35591.84,665,237,0.026968793251139305,Low Risk,Regular engagement
1717,21,15,5639.81,240,245,0.025712716212994206,Low Risk,Regular engagement
1792,21,19,9126.37,288,246,0.025712716212994206,Low Risk,Regular engagement
386,15,12,3785.09,193,243,0.025152365091005092,Low Risk,Regular engagement
1328,14,17,5428.66,265,255,0.024633192013789166,Low Risk,Regular engagement
